Id,MainId,QuestionId,Correct,StartTime,EndTime,Time,Id,Site,Language,Gender,Age
1,2,1,1,-00:00:01,14:46:57,3,2,qq,en,0,26
2,2,3,1,14:46:57,14:47:02,5,2,qq,en,0,26
3,2,5,1,14:47:02,14:47:08,5,2,qq,en,0,26
4,2,7,1,14:47:08,14:47:22,13,2,qq,en,0,26
5,2,9,1,14:47:22,14:47:55,33,2,qq,en,0,26
6,2,11,1,14:47:55,14:48:09,13,2,qq,en,0,26
7,2,13,1,14:48:09,14:48:33,24,2,qq,en,0,26
8,2,17,1,14:48:43,14:48:50,6,2,qq,en,0,26
9,2,15,1,14:48:33,14:48:43,10,2,qq,en,0,26
10,2,19,1,14:48:50,14:49:00,10,2,qq,en,0,26
11,2,21,1,14:49:00,14:49:09,8,2,qq,en,0,26
12,2,23,0,14:49:09,14:49:17,8,2,qq,en,0,26
13,2,25,1,14:49:17,14:49:39,22,2,qq,en,0,26
14,3,31,0,15:47:57,15:48:08,10,3,bbc,en,0,26
15,3,27,0,-00:00:01,15:47:31,10,3,bbc,en,0,26
16,3,29,0,15:47:31,15:47:57,24,3,bbc,en,0,26
17,3,35,0,15:48:11,15:48:26,14,3,bbc,en,0,26
18,3,33,0,15:48:08,15:48:11,3,3,bbc,en,0,26
19,3,37,1,15:48:26,15:48:50,23,3,bbc,en,0,26
20,3,41,1,15:49:03,15:49:39,33,3,bbc,en,0,26
21,3,39,1,15:48:50,15:49:03,12,3,bbc,en,0,26
22,3,43,1,15:49:39,15:50:34,53,3,bbc,en,0,26
23,3,47,1,15:50:49,15:50:55,5,3,bbc,en,0,26
24,3,45,1,15:50:34,15:50:49,14,3,bbc,en,0,26
25,3,49,0,15:50:55,15:50:59,4,3,bbc,en,0,26
26,3,51,1,15:50:59,15:51:08,8,3,bbc,en,0,26
27,4,1,1,-00:00:01,21:51:12,6,4,qq,en,0,20
28,4,5,1,21:51:17,21:51:22,4,4,qq,en,0,20
29,4,3,1,21:51:12,21:51:17,5,4,qq,en,0,20
30,4,7,1,21:51:22,21:51:31,8,4,qq,en,0,20
31,4,9,1,21:51:31,21:51:59,28,4,qq,en,0,20
32,4,11,1,21:51:59,21:52:20,19,4,qq,en,0,20
33,4,13,1,21:52:20,21:52:48,27,4,qq,en,0,20
34,4,17,1,21:53:03,21:53:09,6,4,qq,en,0,20
35,4,15,1,21:52:48,21:53:03,14,4,qq,en,0,20
36,4,19,1,21:53:09,21:53:17,7,4,qq,en,0,20
37,4,21,1,21:53:17,21:53:34,16,4,qq,en,0,20
38,4,23,0,21:53:34,21:53:40,5,4,qq,en,0,20
39,4,25,1,21:53:40,21:54:30,49,4,qq,en,0,20
40,5,33,0,22:00:08,22:00:10,2,5,bbc,en,0,56
41,5,29,0,21:59:42,22:00:00,16,5,bbc,en,0,56
42,5,27,0,-00:00:01,21:59:42,30,5,bbc,en,0,56
43,5,31,0,22:00:00,22:00:08,8,5,bbc,en,0,56
44,5,37,1,22:00:13,22:01:21,62,5,bbc,en,0,56
45,5,35,0,22:00:10,22:00:13,2,5,bbc,en,0,56
46,5,43,1,22:02:06,22:02:14,8,5,bbc,en,0,56
47,5,39,1,22:01:21,22:01:50,27,5,bbc,en,0,56
48,5,41,1,22:01:50,22:02:06,15,5,bbc,en,0,56
49,5,45,1,22:02:14,22:02:47,30,5,bbc,en,0,56
50,5,49,0,22:02:53,22:03:26,30,5,bbc,en,0,56
51,5,47,1,22:02:47,22:02:53,6,5,bbc,en,0,56
52,5,51,0,22:03:26,22:03:58,24,5,bbc,en,0,56
53,6,1,1,-00:00:01,22:02:09,8,6,qq,en,0,26
54,6,3,1,22:02:09,22:02:20,10,6,qq,en,0,26
55,6,5,1,22:02:20,22:02:23,3,6,qq,en,0,26
56,6,7,1,22:02:23,22:02:29,6,6,qq,en,0,26
57,6,11,1,22:02:53,22:03:27,32,6,qq,en,0,26
58,6,9,1,22:02:29,22:02:53,23,6,qq,en,0,26
59,6,13,1,22:03:27,22:03:41,13,6,qq,en,0,26
60,6,15,1,22:03:41,22:03:48,7,6,qq,en,0,26
61,6,17,1,22:03:48,22:05:47,117,6,qq,en,0,26
62,6,19,1,22:05:47,22:06:17,30,6,qq,en,0,26
63,6,21,1,22:06:17,22:06:26,9,6,qq,en,0,26
64,6,23,0,22:06:26,22:06:34,8,6,qq,en,0,26
65,6,25,1,22:06:34,22:06:42,7,6,qq,en,0,26
66,7,43,1,22:29:31,22:29:35,4,7,bbc,en,1,26
67,7,41,1,22:29:11,22:29:31,19,7,bbc,en,1,26
68,7,27,0,-00:00:01,22:07:35,33,7,bbc,en,1,26
69,7,39,1,22:28:48,22:29:11,21,7,bbc,en,1,26
70,7,29,0,22:07:35,22:07:51,13,7,bbc,en,1,26
71,7,31,0,22:07:51,22:10:52,175,7,bbc,en,1,26
72,7,33,0,22:10:52,22:12:14,81,7,bbc,en,1,26
73,7,37,1,22:27:56,22:28:48,51,7,bbc,en,1,26
74,7,35,1,22:12:14,22:27:56,925,7,bbc,en,1,26
75,7,49,1,22:30:44,22:31:21,35,7,bbc,en,1,26
76,7,51,1,22:31:21,22:31:28,7,7,bbc,en,1,26
77,7,47,1,22:30:37,22:30:44,7,7,bbc,en,1,26
78,7,45,0,22:29:35,22:30:37,58,7,bbc,en,1,26
79,12,1,1,-00:00:01,22:41:46,7,12,qq,en,1,20
80,12,3,1,22:41:46,22:41:55,8,12,qq,en,1,20
81,12,5,1,22:41:55,22:41:59,4,12,qq,en,1,20
82,12,7,1,22:41:59,22:42:05,5,12,qq,en,1,20
83,12,9,1,22:42:05,22:42:29,23,12,qq,en,1,20
84,12,11,1,22:42:29,22:43:18,48,12,qq,en,1,20
85,12,13,1,22:43:18,22:44:02,41,12,qq,en,1,20
86,12,15,1,22:44:02,22:44:30,25,12,qq,en,1,20
87,12,17,1,22:44:30,22:44:36,6,12,qq,en,1,20
88,12,19,1,22:44:36,22:44:49,12,12,qq,en,1,20
89,12,21,1,22:44:49,22:45:00,10,12,qq,en,1,20
90,12,23,0,22:45:00,22:45:08,7,12,qq,en,1,20
91,12,25,0,22:45:08,22:47:48,151,12,qq,en,1,20
118,17,27,1,-00:00:01,01:23:54,21,17,bbc,en,0,26
119,17,31,1,01:24:11,01:24:17,5,17,bbc,en,0,26
120,17,35,1,01:24:22,01:25:05,41,17,bbc,en,0,26
121,17,29,1,01:23:54,01:24:11,16,17,bbc,en,0,26
122,17,33,1,01:24:17,01:24:22,4,17,bbc,en,0,26
123,17,37,1,01:25:05,01:25:18,12,17,bbc,en,0,26
124,17,39,1,01:25:18,01:25:35,16,17,bbc,en,0,26
125,17,43,1,01:25:49,01:25:58,8,17,bbc,en,0,26
126,17,41,1,01:25:35,01:25:49,13,17,bbc,en,0,26
127,17,45,1,01:25:58,01:27:07,65,17,bbc,en,0,26
128,17,47,1,01:27:07,01:28:00,51,17,bbc,en,0,26
129,17,49,1,01:28:00,01:28:13,12,17,bbc,en,0,26
130,17,51,1,01:28:13,01:28:17,3,17,bbc,en,0,26
131,18,30,1,20:20:21,20:20:40,15,18,bbc,zh,1,26
132,18,28,1,-00:00:01,20:20:21,77,18,bbc,zh,1,26
133,18,32,1,20:20:40,20:20:47,6,18,bbc,zh,1,26
134,18,34,1,20:20:47,20:20:54,7,18,bbc,zh,1,26
135,18,36,1,20:20:54,20:21:41,45,18,bbc,zh,1,26
136,18,38,1,20:21:41,20:22:13,29,18,bbc,zh,1,26
137,18,42,1,20:22:20,20:22:34,14,18,bbc,zh,1,26
138,18,40,1,20:22:13,20:22:20,6,18,bbc,zh,1,26
139,18,44,1,20:22:34,20:22:46,10,18,bbc,zh,1,26
140,18,46,1,20:22:46,20:23:30,42,18,bbc,zh,1,26
141,18,52,1,20:23:56,20:24:02,5,18,bbc,zh,1,26
142,18,50,1,20:23:44,20:23:56,11,18,bbc,zh,1,26
143,18,48,1,20:23:30,20:23:44,13,18,bbc,zh,1,26
144,18,28,1,-00:00:01,20:20:21,77,18,bbc,zh,1,26
145,18,32,1,20:20:40,20:20:47,6,18,bbc,zh,1,26
146,18,34,1,20:20:47,20:20:54,7,18,bbc,zh,1,26
147,18,36,1,20:20:54,20:21:41,45,18,bbc,zh,1,26
148,18,30,1,20:20:21,20:20:40,15,18,bbc,zh,1,26
149,18,38,1,20:21:41,20:22:13,29,18,bbc,zh,1,26
150,18,40,1,20:22:13,20:22:20,6,18,bbc,zh,1,26
151,18,42,1,20:22:20,20:22:34,14,18,bbc,zh,1,26
152,18,44,1,20:22:34,20:22:46,10,18,bbc,zh,1,26
153,18,46,1,20:22:46,20:23:30,42,18,bbc,zh,1,26
154,18,48,1,20:23:30,20:23:44,13,18,bbc,zh,1,26
155,18,50,1,20:23:44,20:23:56,11,18,bbc,zh,1,26
156,18,52,1,20:23:56,20:24:02,5,18,bbc,zh,1,26
157,20,29,1,23:49:14,23:49:20,5,20,bbc,en,0,26
158,20,37,1,23:49:49,23:51:47,116,20,bbc,en,0,26
159,20,35,1,23:49:30,23:49:49,18,20,bbc,en,0,26
160,20,27,1,-00:00:01,23:49:14,4,20,bbc,en,0,26
161,20,31,1,23:49:20,23:49:26,5,20,bbc,en,0,26
162,20,33,1,23:49:26,23:49:30,4,20,bbc,en,0,26
163,20,39,1,23:51:47,23:52:09,21,20,bbc,en,0,26
164,20,41,1,23:52:09,23:52:26,16,20,bbc,en,0,26
165,20,43,1,23:52:26,23:52:37,10,20,bbc,en,0,26
166,20,49,1,23:53:32,23:53:55,23,20,bbc,en,0,26
167,20,47,1,23:53:05,23:53:32,25,20,bbc,en,0,26
168,20,45,1,23:52:37,23:53:05,28,20,bbc,en,0,26
169,20,51,1,23:53:55,23:54:00,4,20,bbc,en,0,26
170,19,1,1,-00:00:01,23:45:58,22,19,qq,en,1,20
171,19,3,1,23:45:58,23:46:05,6,19,qq,en,1,20
172,19,5,1,23:46:05,23:46:09,4,19,qq,en,1,20
173,19,7,1,23:46:09,23:46:17,8,19,qq,en,1,20
174,19,9,0,23:46:17,23:48:27,128,19,qq,en,1,20
175,19,11,1,23:48:27,23:50:58,150,19,qq,en,1,20
176,19,15,1,23:51:31,23:51:44,12,19,qq,en,1,20
177,19,17,1,23:51:44,23:51:54,10,19,qq,en,1,20
178,19,23,0,23:52:30,23:52:41,11,19,qq,en,1,20
179,19,19,1,23:51:54,23:52:08,14,19,qq,en,1,20
180,19,21,1,23:52:08,23:52:30,21,19,qq,en,1,20
181,19,25,1,23:52:41,23:53:29,46,19,qq,en,1,20
182,19,13,1,23:50:58,23:51:31,32,19,qq,en,1,20
183,22,27,1,-00:00:01,09:42:50,51,22,bbc,en,0,46
184,22,39,1,09:46:12,09:46:34,21,22,bbc,en,0,46
185,22,29,1,09:42:50,09:43:05,14,22,bbc,en,0,46
186,22,43,1,09:46:47,09:47:00,12,22,bbc,en,0,46
187,22,31,1,09:43:05,09:43:16,10,22,bbc,en,0,46
188,22,41,1,09:46:34,09:46:47,13,22,bbc,en,0,46
189,22,35,1,09:43:25,09:44:37,70,22,bbc,en,0,46
190,22,33,1,09:43:16,09:43:25,8,22,bbc,en,0,46
191,22,37,1,09:44:37,09:46:12,93,22,bbc,en,0,46
192,22,45,1,09:47:00,09:47:26,26,22,bbc,en,0,46
193,22,47,1,09:47:26,09:47:41,14,22,bbc,en,0,46
194,22,49,1,09:47:41,09:48:53,70,22,bbc,en,0,46
195,22,51,0,09:48:53,09:49:18,24,22,bbc,en,0,46
196,23,1,1,-00:00:01,10:23:44,6,23,qq,en,0,26
197,23,5,1,10:23:57,10:24:02,4,23,qq,en,0,26
198,23,3,1,10:23:44,10:23:57,12,23,qq,en,0,26
199,23,7,1,10:24:02,10:24:12,9,23,qq,en,0,26
200,23,9,1,10:24:12,10:24:27,15,23,qq,en,0,26
201,23,11,1,10:24:27,10:24:39,12,23,qq,en,0,26
202,23,13,1,10:24:39,10:25:21,41,23,qq,en,0,26
203,23,15,1,10:25:21,10:25:35,14,23,qq,en,0,26
204,23,17,1,10:25:35,10:25:42,6,23,qq,en,0,26
205,23,19,1,10:25:42,10:26:48,64,23,qq,en,0,26
206,23,21,1,10:26:48,10:27:12,24,23,qq,en,0,26
207,23,23,0,10:27:12,10:27:17,5,23,qq,en,0,26
208,23,25,1,10:27:17,10:28:02,43,23,qq,en,0,26
209,24,33,1,12:38:20,12:38:27,6,24,bbc,en,0,46
210,24,31,1,12:38:13,12:38:20,7,24,bbc,en,0,46
211,24,29,1,12:37:53,12:38:13,19,24,bbc,en,0,46
212,24,35,0,12:38:27,12:39:44,76,24,bbc,en,0,46
213,24,27,1,-00:00:01,12:37:53,15,24,bbc,en,0,46
214,24,39,1,12:40:05,12:40:40,34,24,bbc,en,0,46
215,24,41,1,12:40:40,12:40:58,17,24,bbc,en,0,46
216,24,43,1,12:40:58,12:41:09,11,24,bbc,en,0,46
217,24,37,1,12:39:44,12:40:05,20,24,bbc,en,0,46
218,24,45,0,12:41:09,12:42:43,93,24,bbc,en,0,46
219,24,47,1,12:42:43,12:43:03,19,24,bbc,en,0,46
220,24,49,1,12:43:03,12:43:22,18,24,bbc,en,0,46
221,24,51,1,12:43:22,12:43:29,7,24,bbc,en,0,46
222,26,27,1,-00:00:01,13:52:52,20,26,bbc,en,0,20
223,26,29,1,13:52:52,13:53:01,8,26,bbc,en,0,20
224,26,35,1,13:53:19,13:54:42,74,26,bbc,en,0,20
225,26,37,1,13:54:42,13:54:58,15,26,bbc,en,0,20
226,26,33,1,13:53:10,13:53:19,8,26,bbc,en,0,20
227,26,31,1,13:53:01,13:53:10,9,26,bbc,en,0,20
228,26,39,1,13:54:58,13:56:26,83,26,bbc,en,0,20
229,26,41,1,13:56:26,13:57:42,71,26,bbc,en,0,20
230,26,43,0,13:57:42,13:57:48,5,26,bbc,en,0,20
231,26,47,1,13:57:59,13:58:08,9,26,bbc,en,0,20
232,26,49,1,13:58:08,13:58:18,8,26,bbc,en,0,20
233,26,45,1,13:57:48,13:57:59,9,26,bbc,en,0,20
234,26,51,1,13:58:18,13:58:22,3,26,bbc,en,0,20
235,27,1,1,-00:00:01,14:09:31,8,27,qq,en,0,20
236,27,3,1,14:09:31,14:09:37,5,27,qq,en,0,20
237,27,5,1,14:09:37,14:09:42,5,27,qq,en,0,20
238,27,7,1,14:09:42,14:09:49,6,27,qq,en,0,20
239,27,9,1,14:09:49,14:10:35,45,27,qq,en,0,20
240,27,11,1,14:10:35,14:11:28,52,27,qq,en,0,20
241,27,13,1,14:11:28,14:11:45,16,27,qq,en,0,20
242,27,17,1,14:12:05,14:12:12,7,27,qq,en,0,20
243,27,15,1,14:11:45,14:12:05,20,27,qq,en,0,20
244,27,19,1,14:12:12,14:12:33,20,27,qq,en,0,20
245,27,21,1,14:12:33,14:12:39,5,27,qq,en,0,20
246,27,23,0,14:12:39,14:12:47,7,27,qq,en,0,20
247,27,25,0,14:12:47,14:14:12,84,27,qq,en,0,20
248,29,1,1,-00:00:01,18:37:02,6,29,qq,en,0,20
249,29,3,1,18:37:02,18:37:10,7,29,qq,en,0,20
250,29,5,1,18:37:10,18:37:15,5,29,qq,en,0,20
251,29,7,1,18:37:15,18:37:26,10,29,qq,en,0,20
252,29,17,1,18:39:30,18:39:37,7,29,qq,en,0,20
253,29,9,1,18:37:26,18:37:46,20,29,qq,en,0,20
254,29,13,1,18:37:57,18:38:35,37,29,qq,en,0,20
255,29,15,1,18:38:35,18:39:30,54,29,qq,en,0,20
256,29,11,1,18:37:46,18:37:57,11,29,qq,en,0,20
257,29,19,1,18:39:37,18:39:46,8,29,qq,en,0,20
258,29,21,1,18:39:46,18:39:57,10,29,qq,en,0,20
259,29,23,0,18:39:57,18:40:02,5,29,qq,en,0,20
260,29,25,1,18:40:02,18:40:09,6,29,qq,en,0,20
261,31,3,1,18:40:10,18:40:20,10,31,qq,en,0,26
262,31,1,1,-00:00:01,18:40:10,7,31,qq,en,0,26
263,31,5,1,18:40:20,18:40:30,9,31,qq,en,0,26
264,31,7,1,18:40:30,18:40:36,5,31,qq,en,0,26
265,31,9,1,18:40:36,18:41:08,29,31,qq,en,0,26
266,31,11,1,18:41:08,18:41:23,14,31,qq,en,0,26
267,31,15,1,18:42:01,18:42:16,14,31,qq,en,0,26
268,31,13,0,18:41:23,18:42:01,38,31,qq,en,0,26
269,31,19,1,18:42:19,18:42:26,6,31,qq,en,0,26
270,31,17,0,18:42:16,18:42:19,3,31,qq,en,0,26
271,31,21,1,18:42:26,18:42:35,9,31,qq,en,0,26
272,31,23,0,18:42:35,18:42:43,7,31,qq,en,0,26
273,31,25,1,18:42:43,18:43:05,21,31,qq,en,0,26
274,30,27,1,-00:00:01,18:40:44,26,30,bbc,en,0,20
275,30,29,1,18:40:44,18:41:14,28,30,bbc,en,0,20
276,30,31,1,18:41:14,18:41:22,8,30,bbc,en,0,20
277,30,33,1,18:41:22,18:41:28,4,30,bbc,en,0,20
278,30,35,1,18:41:28,18:42:47,71,30,bbc,en,0,20
279,30,37,1,18:42:47,18:43:28,38,30,bbc,en,0,20
280,30,39,1,18:43:28,18:43:44,15,30,bbc,en,0,20
281,30,41,1,18:43:44,18:44:00,14,30,bbc,en,0,20
282,30,43,0,18:44:00,18:44:36,32,30,bbc,en,0,20
283,30,45,0,18:44:36,18:45:13,36,30,bbc,en,0,20
284,30,47,0,18:45:13,18:45:34,18,30,bbc,en,0,20
285,30,49,0,18:45:34,18:45:34,0,30,bbc,en,0,20
286,30,51,0,18:45:34,18:45:34,0,30,bbc,en,0,20
287,34,37,1,18:46:46,18:46:58,12,34,bbc,en,1,20
288,34,29,0,18:45:40,18:45:46,5,34,bbc,en,1,20
289,34,35,1,18:45:56,18:46:46,48,34,bbc,en,1,20
290,34,27,1,-00:00:01,18:45:40,10,34,bbc,en,1,20
291,34,31,1,18:45:46,18:45:51,4,34,bbc,en,1,20
292,34,33,1,18:45:51,18:45:56,4,34,bbc,en,1,20
293,34,39,1,18:46:58,18:47:16,17,34,bbc,en,1,20
294,34,45,1,18:47:30,18:48:49,78,34,bbc,en,1,20
295,34,41,1,18:47:16,18:47:23,7,34,bbc,en,1,20
296,34,43,1,18:47:23,18:47:30,6,34,bbc,en,1,20
297,34,47,1,18:48:49,18:49:20,30,34,bbc,en,1,20
298,34,49,1,18:49:20,18:49:29,8,34,bbc,en,1,20
299,34,51,1,18:49:29,18:49:33,4,34,bbc,en,1,20
300,33,1,1,-00:00:01,18:45:14,5,33,qq,en,0,26
301,33,5,1,18:45:18,18:45:23,4,33,qq,en,0,26
302,33,3,1,18:45:14,18:45:18,4,33,qq,en,0,26
303,33,7,1,18:45:23,18:45:39,15,33,qq,en,0,26
304,33,9,1,18:45:39,18:46:34,54,33,qq,en,0,26
305,33,11,1,18:46:34,18:46:45,11,33,qq,en,0,26
306,33,13,1,18:46:45,18:46:55,9,33,qq,en,0,26
307,33,17,1,18:47:16,18:47:21,4,33,qq,en,0,26
308,33,15,1,18:46:55,18:47:16,20,33,qq,en,0,26
309,33,19,0,18:47:21,18:49:25,122,33,qq,en,0,26
310,33,21,1,18:49:25,18:49:33,7,33,qq,en,0,26
311,33,23,0,18:49:33,18:49:42,8,33,qq,en,0,26
312,33,25,1,18:49:42,18:49:50,8,33,qq,en,0,26
313,37,1,1,-00:00:01,18:46:53,8,37,qq,en,0,26
314,37,3,1,18:46:53,18:46:59,5,37,qq,en,0,26
315,37,5,1,18:46:59,18:47:03,4,37,qq,en,0,26
316,37,9,1,18:47:10,18:47:35,25,37,qq,en,0,26
317,37,11,1,18:47:35,18:47:46,10,37,qq,en,0,26
318,37,7,1,18:47:03,18:47:10,6,37,qq,en,0,26
319,37,13,1,18:47:46,18:48:03,16,37,qq,en,0,26
320,37,15,1,18:48:03,18:48:24,20,37,qq,en,0,26
321,37,17,1,18:48:24,18:48:30,6,37,qq,en,0,26
322,37,21,1,18:48:41,18:48:54,12,37,qq,en,0,26
323,37,19,1,18:48:30,18:48:41,10,37,qq,en,0,26
324,37,23,0,18:48:54,18:49:09,15,37,qq,en,0,26
325,37,25,1,18:49:09,18:50:27,76,37,qq,en,0,26
326,36,27,1,-00:00:01,18:47:12,62,36,bbc,en,0,26
327,36,29,1,18:47:12,18:47:22,9,36,bbc,en,0,26
328,36,31,1,18:47:22,18:47:28,5,36,bbc,en,0,26
329,36,33,1,18:47:28,18:47:33,5,36,bbc,en,0,26
330,36,37,1,18:48:01,18:48:47,41,36,bbc,en,0,26
331,36,35,1,18:47:33,18:48:01,22,36,bbc,en,0,26
332,36,39,1,18:48:47,18:49:03,14,36,bbc,en,0,26
333,36,41,1,18:49:03,18:49:11,8,36,bbc,en,0,26
334,36,43,1,18:49:11,18:49:21,9,36,bbc,en,0,26
335,36,45,0,18:49:21,18:50:16,53,36,bbc,en,0,26
336,36,47,1,18:50:16,18:50:25,8,36,bbc,en,0,26
337,36,49,1,18:50:25,18:50:51,25,36,bbc,en,0,26
338,36,51,1,18:50:51,18:50:56,5,36,bbc,en,0,26
339,39,1,1,-00:00:01,18:48:47,5,39,qq,en,0,26
340,39,13,1,18:50:23,18:51:03,38,39,qq,en,0,26
341,39,3,1,18:48:47,18:48:54,6,39,qq,en,0,26
342,39,5,1,18:48:54,18:48:59,4,39,qq,en,0,26
343,39,17,1,18:51:09,18:51:21,11,39,qq,en,0,26
344,39,7,1,18:48:59,18:49:07,8,39,qq,en,0,26
345,39,9,1,18:49:07,18:49:26,18,39,qq,en,0,26
346,39,11,1,18:49:26,18:50:23,54,39,qq,en,0,26
347,39,15,1,18:51:03,18:51:09,6,39,qq,en,0,26
348,39,19,1,18:51:21,18:51:30,9,39,qq,en,0,26
349,39,23,0,18:51:43,18:51:52,9,39,qq,en,0,26
350,39,25,1,18:51:52,18:52:08,15,39,qq,en,0,26
351,39,21,1,18:51:30,18:51:43,11,39,qq,en,0,26
352,40,27,1,-00:00:01,18:50:21,24,40,bbc,en,1,20
353,40,33,1,18:50:38,18:50:42,4,40,bbc,en,1,20
354,40,29,1,18:50:21,18:50:33,12,40,bbc,en,1,20
355,40,31,1,18:50:33,18:50:38,4,40,bbc,en,1,20
356,40,35,1,18:50:42,18:51:18,34,40,bbc,en,1,20
357,40,37,1,18:51:18,18:51:28,9,40,bbc,en,1,20
358,40,43,1,18:52:04,18:52:48,39,40,bbc,en,1,20
359,40,45,1,18:52:48,18:53:21,31,40,bbc,en,1,20
360,40,39,1,18:51:28,18:51:59,28,40,bbc,en,1,20
361,40,41,1,18:51:59,18:52:04,5,40,bbc,en,1,20
362,40,47,1,18:53:21,18:53:30,8,40,bbc,en,1,20
363,40,49,1,18:53:30,18:53:39,8,40,bbc,en,1,20
364,40,51,1,18:53:39,18:53:43,3,40,bbc,en,1,20
365,42,27,1,-00:00:01,18:51:45,15,42,bbc,en,1,20
366,42,29,1,18:51:45,18:51:53,8,42,bbc,en,1,20
367,42,31,1,18:51:53,18:51:59,5,42,bbc,en,1,20
368,42,33,1,18:51:59,18:52:03,3,42,bbc,en,1,20
369,42,35,1,18:52:03,18:52:30,26,42,bbc,en,1,20
370,42,37,1,18:52:30,18:52:47,16,42,bbc,en,1,20
371,42,41,1,18:53:06,18:53:21,14,42,bbc,en,1,20
372,42,39,1,18:52:47,18:53:06,17,42,bbc,en,1,20
373,42,45,1,18:53:30,18:55:17,103,42,bbc,en,1,20
374,42,43,1,18:53:21,18:53:30,9,42,bbc,en,1,20
375,42,47,1,18:55:17,18:55:27,10,42,bbc,en,1,20
376,42,49,1,18:55:27,18:55:47,17,42,bbc,en,1,20
377,42,51,1,18:55:47,18:55:52,4,42,bbc,en,1,20
378,44,31,1,18:55:31,18:55:38,6,44,bbc,en,0,20
379,44,29,1,18:55:23,18:55:31,8,44,bbc,en,0,20
380,44,27,1,-00:00:01,18:55:23,25,44,bbc,en,0,20
381,44,33,1,18:55:38,18:55:44,6,44,bbc,en,0,20
382,44,35,1,18:55:44,18:56:41,55,44,bbc,en,0,20
383,44,37,1,18:56:41,18:57:05,23,44,bbc,en,0,20
384,44,43,1,18:57:20,18:57:31,10,44,bbc,en,0,20
385,44,41,1,18:57:12,18:57:20,8,44,bbc,en,0,20
386,44,39,1,18:57:05,18:57:12,6,44,bbc,en,0,20
387,44,45,1,18:57:31,18:58:01,29,44,bbc,en,0,20
388,44,47,0,18:58:01,18:58:10,9,44,bbc,en,0,20
389,44,49,0,18:58:10,18:58:15,4,44,bbc,en,0,20
390,44,51,1,18:58:15,18:58:20,4,44,bbc,en,0,20
391,43,1,1,-00:00:01,18:53:33,11,43,qq,en,0,20
392,43,3,1,18:53:33,18:53:46,12,43,qq,en,0,20
393,43,15,1,18:57:05,18:57:28,22,43,qq,en,0,20
394,43,5,1,18:53:46,18:53:53,7,43,qq,en,0,20
395,43,7,1,18:53:53,18:54:10,16,43,qq,en,0,20
396,43,13,0,18:54:58,18:57:05,124,43,qq,en,0,20
397,43,9,1,18:54:10,18:54:44,33,43,qq,en,0,20
398,43,17,1,18:57:28,18:57:34,6,43,qq,en,0,20
399,43,11,1,18:54:44,18:54:58,13,43,qq,en,0,20
400,43,19,1,18:57:34,18:57:39,4,43,qq,en,0,20
401,43,21,1,18:57:39,18:57:52,12,43,qq,en,0,20
402,43,23,0,18:57:52,18:57:57,5,43,qq,en,0,20
403,43,25,0,18:57:57,18:58:57,59,43,qq,en,0,20
404,45,1,1,-00:00:01,19:05:29,8,45,qq,en,1,20
405,45,3,1,19:05:29,19:05:37,7,45,qq,en,1,20
406,45,5,1,19:05:37,19:05:42,4,45,qq,en,1,20
407,45,7,1,19:05:42,19:05:53,10,45,qq,en,1,20
408,45,9,1,19:05:53,19:06:29,35,45,qq,en,1,20
409,45,11,1,19:06:29,19:06:40,10,45,qq,en,1,20
410,45,13,1,19:06:40,19:07:32,52,45,qq,en,1,20
411,45,17,1,19:07:40,19:07:46,5,45,qq,en,1,20
412,45,19,1,19:07:46,19:08:01,15,45,qq,en,1,20
413,45,15,1,19:07:32,19:07:40,7,45,qq,en,1,20
414,45,21,1,19:08:01,19:08:13,12,45,qq,en,1,20
415,45,23,0,19:08:13,19:08:19,6,45,qq,en,1,20
416,45,25,1,19:08:19,19:09:46,85,45,qq,en,1,20
417,46,27,1,-00:00:01,19:06:42,22,46,bbc,en,0,20
418,46,29,1,19:06:42,19:06:56,13,46,bbc,en,0,20
419,46,31,1,19:06:56,19:07:05,8,46,bbc,en,0,20
420,46,33,1,19:07:05,19:07:09,4,46,bbc,en,0,20
421,46,35,1,19:07:09,19:08:03,53,46,bbc,en,0,20
422,46,37,1,19:08:03,19:08:16,12,46,bbc,en,0,20
423,46,39,1,19:08:16,19:08:27,11,46,bbc,en,0,20
424,46,41,1,19:08:27,19:08:43,16,46,bbc,en,0,20
425,46,43,1,19:08:43,19:08:49,5,46,bbc,en,0,20
426,46,45,1,19:08:49,19:09:42,52,46,bbc,en,0,20
427,46,47,1,19:09:42,19:09:48,6,46,bbc,en,0,20
428,46,49,1,19:09:48,19:09:54,5,46,bbc,en,0,20
429,46,51,1,19:09:54,19:09:59,4,46,bbc,en,0,20
430,47,1,1,-00:00:01,19:07:39,10,47,qq,en,1,20
431,47,5,1,19:07:45,19:07:49,4,47,qq,en,1,20
432,47,9,1,19:07:55,19:08:18,22,47,qq,en,1,20
433,47,7,1,19:07:49,19:07:55,5,47,qq,en,1,20
434,47,11,1,19:08:18,19:09:13,55,47,qq,en,1,20
435,47,3,1,19:07:39,19:07:45,5,47,qq,en,1,20
436,47,15,1,19:09:31,19:09:39,7,47,qq,en,1,20
437,47,13,1,19:09:13,19:09:31,17,47,qq,en,1,20
438,47,17,1,19:09:39,19:10:05,25,47,qq,en,1,20
439,47,19,1,19:10:05,19:11:16,69,47,qq,en,1,20
440,47,21,1,19:11:16,19:11:26,10,47,qq,en,1,20
441,47,23,0,19:11:26,19:11:35,8,47,qq,en,1,20
442,47,25,1,19:11:35,19:12:14,38,47,qq,en,1,20
443,48,27,1,-00:00:01,19:10:14,56,48,bbc,en,1,26
444,48,29,1,19:10:14,19:10:34,18,48,bbc,en,1,26
445,48,31,1,19:10:34,19:10:52,17,48,bbc,en,1,26
446,48,33,1,19:10:52,19:10:57,5,48,bbc,en,1,26
447,48,35,1,19:10:57,19:11:35,36,48,bbc,en,1,26
448,48,37,1,19:11:35,19:11:42,7,48,bbc,en,1,26
449,48,39,1,19:11:42,19:12:50,66,48,bbc,en,1,26
450,48,41,1,19:12:50,19:13:06,15,48,bbc,en,1,26
451,48,43,1,19:13:06,19:14:20,72,48,bbc,en,1,26
452,48,45,1,19:14:20,19:18:09,224,48,bbc,en,1,26
453,48,49,1,19:18:38,19:19:32,52,48,bbc,en,1,26
454,48,47,1,19:18:09,19:18:38,25,48,bbc,en,1,26
455,48,51,1,19:19:32,19:19:41,9,48,bbc,en,1,26
456,50,35,0,19:17:00,19:17:52,46,50,bbc,en,0,26
457,50,43,1,19:18:35,19:18:41,6,50,bbc,en,0,26
458,50,39,1,19:18:03,19:18:19,15,50,bbc,en,0,26
459,50,41,1,19:18:19,19:18:35,15,50,bbc,en,0,26
460,50,31,1,19:16:46,19:16:52,5,50,bbc,en,0,26
461,50,27,1,-00:00:01,19:16:37,13,50,bbc,en,0,26
462,50,37,1,19:17:52,19:18:03,10,50,bbc,en,0,26
463,50,29,1,19:16:37,19:16:46,8,50,bbc,en,0,26
464,50,33,1,19:16:52,19:17:00,7,50,bbc,en,0,26
465,50,45,0,19:18:41,19:19:14,32,50,bbc,en,0,26
466,50,49,1,19:19:20,19:19:49,28,50,bbc,en,0,26
467,50,47,1,19:19:14,19:19:20,5,50,bbc,en,0,26
468,50,51,1,19:19:49,19:20:05,15,50,bbc,en,0,26
469,51,1,1,-00:00:01,19:36:53,8,51,qq,en,0,26
470,51,3,1,19:36:53,19:36:58,4,51,qq,en,0,26
471,51,7,1,19:37:06,19:37:16,10,51,qq,en,0,26
472,51,9,1,19:37:16,19:37:47,30,51,qq,en,0,26
473,51,5,1,19:36:58,19:37:06,8,51,qq,en,0,26
474,51,11,0,19:37:47,19:38:23,35,51,qq,en,0,26
475,51,13,0,19:38:23,19:38:24,1,51,qq,en,0,26
476,51,15,0,19:38:24,19:38:25,0,51,qq,en,0,26
477,51,17,0,19:38:25,19:38:25,0,51,qq,en,0,26
478,51,19,0,19:38:25,19:38:26,0,51,qq,en,0,26
479,51,21,0,19:38:26,19:38:26,0,51,qq,en,0,26
480,51,23,0,19:38:26,19:38:26,0,51,qq,en,0,26
481,51,25,0,19:38:26,19:38:26,0,51,qq,en,0,26
482,52,6,1,19:38:13,19:38:20,7,52,qq,zh,0,26
483,52,2,0,-00:00:01,19:38:00,18,52,qq,zh,0,26
484,52,4,0,19:38:00,19:38:13,11,52,qq,zh,0,26
485,52,8,1,19:38:20,19:38:27,6,52,qq,zh,0,26
486,52,10,1,19:38:27,19:38:37,10,52,qq,zh,0,26
487,52,12,0,19:38:37,19:38:44,6,52,qq,zh,0,26
488,52,16,1,19:38:59,19:39:03,4,52,qq,zh,0,26
489,52,14,0,19:38:44,19:38:59,14,52,qq,zh,0,26
490,52,18,0,19:39:03,19:39:12,8,52,qq,zh,0,26
491,52,20,0,19:39:12,19:39:25,12,52,qq,zh,0,26
492,52,24,0,19:39:32,19:39:38,5,52,qq,zh,0,26
493,52,22,0,19:39:25,19:39:32,6,52,qq,zh,0,26
494,52,26,0,19:39:38,19:39:40,1,52,qq,zh,0,26
495,54,1,1,-00:00:01,20:01:23,5,54,qq,en,0,20
496,54,3,1,20:01:23,20:01:28,4,54,qq,en,0,20
497,54,5,1,20:01:28,20:01:31,3,54,qq,en,0,20
498,54,9,1,20:01:35,20:01:55,18,54,qq,en,0,20
499,54,7,1,20:01:31,20:01:35,3,54,qq,en,0,20
500,54,11,1,20:01:55,20:02:04,8,54,qq,en,0,20
501,54,13,1,20:02:04,20:02:10,5,54,qq,en,0,20
502,54,15,1,20:02:10,20:02:46,36,54,qq,en,0,20
503,54,17,1,20:02:46,20:02:50,4,54,qq,en,0,20
504,54,19,1,20:02:50,20:04:58,126,54,qq,en,0,20
505,54,21,1,20:04:58,20:05:05,6,54,qq,en,0,20
506,54,23,0,20:05:05,20:05:10,4,54,qq,en,0,20
507,54,25,1,20:05:10,20:05:34,24,54,qq,en,0,20
508,55,33,0,-00:00:01,00:00:00,-1,55,bbc,en,0,20
509,55,27,0,-00:00:01,00:00:00,-1,55,bbc,en,0,20
510,55,31,0,-00:00:01,00:00:00,-1,55,bbc,en,0,20
511,55,35,0,-00:00:01,00:00:00,-1,55,bbc,en,0,20
512,55,37,0,-00:00:01,00:00:00,-1,55,bbc,en,0,20
513,55,29,0,-00:00:01,00:00:00,-1,55,bbc,en,0,20
514,55,39,0,-00:00:01,00:00:00,-1,55,bbc,en,0,20
515,55,41,0,-00:00:01,00:00:00,-1,55,bbc,en,0,20
516,55,43,0,-00:00:01,00:00:00,-1,55,bbc,en,0,20
517,55,47,0,-00:00:01,00:00:00,-1,55,bbc,en,0,20
518,55,45,0,-00:00:01,00:00:00,-1,55,bbc,en,0,20
519,55,49,0,-00:00:01,20:07:16,7,55,bbc,en,0,20
520,55,51,0,20:07:16,20:07:16,0,55,bbc,en,0,20
521,56,1,1,-00:00:01,20:05:47,8,56,qq,en,0,20
522,56,9,1,20:06:17,20:06:37,19,56,qq,en,0,20
523,56,11,1,20:06:37,20:06:45,7,56,qq,en,0,20
524,56,3,1,20:05:47,20:05:51,4,56,qq,en,0,20
525,56,5,1,20:05:51,20:06:08,13,56,qq,en,0,20
526,56,7,1,20:06:08,20:06:17,9,56,qq,en,0,20
527,56,13,1,20:06:45,20:07:29,43,56,qq,en,0,20
528,56,15,1,20:07:29,20:07:42,13,56,qq,en,0,20
529,56,17,1,20:07:42,20:07:49,6,56,qq,en,0,20
530,56,19,1,20:07:49,20:08:01,11,56,qq,en,0,20
531,56,21,1,20:08:01,20:08:09,7,56,qq,en,0,20
532,56,23,0,20:08:09,20:08:35,25,56,qq,en,0,20
533,56,25,1,20:08:35,20:09:28,53,56,qq,en,0,20
534,57,27,1,-00:00:01,20:07:56,7,57,bbc,en,0,20
535,57,33,1,20:08:07,20:08:19,11,57,bbc,en,0,20
536,57,29,1,20:07:56,20:08:03,7,57,bbc,en,0,20
537,57,37,1,20:08:55,20:09:18,23,57,bbc,en,0,20
538,57,35,1,20:08:19,20:08:55,35,57,bbc,en,0,20
539,57,31,1,20:08:03,20:08:07,3,57,bbc,en,0,20
540,57,39,1,20:09:18,20:09:32,13,57,bbc,en,0,20
541,57,41,1,20:09:32,20:09:44,12,57,bbc,en,0,20
542,57,43,1,20:09:44,20:09:54,9,57,bbc,en,0,20
543,57,45,1,20:09:54,20:10:32,37,57,bbc,en,0,20
544,57,47,1,20:10:32,20:10:38,6,57,bbc,en,0,20
545,57,49,1,20:10:38,20:11:12,33,57,bbc,en,0,20
546,57,51,1,20:11:12,20:11:16,3,57,bbc,en,0,20
547,59,27,1,-00:00:01,20:30:37,51,59,bbc,en,0,26
548,59,29,1,20:30:37,20:30:45,7,59,bbc,en,0,26
549,59,31,1,20:30:45,20:30:57,12,59,bbc,en,0,26
550,59,33,1,20:30:57,20:31:04,6,59,bbc,en,0,26
551,59,35,1,20:31:04,20:31:49,43,59,bbc,en,0,26
552,59,37,1,20:31:49,20:32:07,15,59,bbc,en,0,26
553,59,39,1,20:32:07,20:32:24,16,59,bbc,en,0,26
554,59,41,1,20:32:24,20:32:50,24,59,bbc,en,0,26
555,59,43,1,20:32:50,20:33:04,13,59,bbc,en,0,26
556,59,45,1,20:33:04,20:34:11,62,59,bbc,en,0,26
557,59,47,1,20:34:11,20:34:22,10,59,bbc,en,0,26
558,59,49,1,20:34:22,20:35:46,80,59,bbc,en,0,26
559,59,51,1,20:35:46,20:35:55,9,59,bbc,en,0,26
560,60,1,1,-00:00:01,20:38:47,7,60,qq,en,0,20
561,60,3,1,20:38:47,20:38:52,5,60,qq,en,0,20
562,60,5,1,20:38:52,20:38:56,4,60,qq,en,0,20
563,60,7,1,20:38:56,20:39:01,4,60,qq,en,0,20
564,60,9,1,20:39:01,20:39:20,18,60,qq,en,0,20
565,60,11,1,20:39:20,20:39:38,17,60,qq,en,0,20
566,60,13,1,20:39:38,20:40:11,32,60,qq,en,0,20
567,60,15,1,20:40:11,20:40:27,15,60,qq,en,0,20
568,60,17,1,20:40:27,20:40:34,6,60,qq,en,0,20
569,60,19,1,20:40:34,20:40:39,5,60,qq,en,0,20
570,60,21,0,20:40:39,20:40:45,5,60,qq,en,0,20
571,60,23,0,20:40:45,20:40:50,5,60,qq,en,0,20
572,60,25,1,20:40:50,20:42:00,69,60,qq,en,0,20
573,61,27,1,-00:00:01,20:40:16,53,61,bbc,en,0,20
574,61,29,1,20:40:16,20:40:21,5,61,bbc,en,0,20
575,61,35,0,20:40:36,20:41:38,49,61,bbc,en,0,20
576,61,33,1,20:40:30,20:40:36,5,61,bbc,en,0,20
577,61,37,1,20:41:38,20:41:53,14,61,bbc,en,0,20
578,61,31,1,20:40:21,20:40:30,8,61,bbc,en,0,20
579,61,39,1,20:41:53,20:42:13,19,61,bbc,en,0,20
580,61,41,1,20:42:13,20:42:44,30,61,bbc,en,0,20
581,61,47,1,20:44:31,20:44:53,21,61,bbc,en,0,20
582,61,45,1,20:43:29,20:44:31,61,61,bbc,en,0,20
583,61,43,1,20:42:44,20:43:29,44,61,bbc,en,0,20
584,61,49,1,20:44:53,20:45:05,12,61,bbc,en,0,20
585,61,51,1,20:45:05,20:45:11,5,61,bbc,en,0,20
586,64,1,1,-00:00:01,21:37:19,12,64,qq,en,0,26
587,64,3,1,21:37:19,21:37:26,6,64,qq,en,0,26
588,64,5,1,21:37:26,21:37:33,7,64,qq,en,0,26
589,64,9,1,21:37:40,21:38:09,28,64,qq,en,0,26
590,64,7,1,21:37:33,21:37:40,6,64,qq,en,0,26
591,64,11,1,21:38:09,21:38:19,10,64,qq,en,0,26
592,64,13,1,21:38:19,21:38:48,28,64,qq,en,0,26
593,64,15,1,21:38:48,21:38:58,10,64,qq,en,0,26
594,64,17,1,21:38:58,21:39:03,4,64,qq,en,0,26
595,64,21,1,21:39:08,21:39:28,19,64,qq,en,0,26
596,64,19,1,21:39:03,21:39:08,5,64,qq,en,0,26
597,64,23,0,21:39:28,21:39:35,6,64,qq,en,0,26
598,64,25,1,21:39:35,21:40:48,72,64,qq,en,0,26
599,65,31,1,21:38:15,21:38:25,9,65,bbc,en,0,20
600,65,35,0,21:38:32,21:39:44,71,65,bbc,en,0,20
601,65,37,1,21:39:44,21:40:03,14,65,bbc,en,0,20
602,65,27,1,-00:00:01,21:38:04,34,65,bbc,en,0,20
603,65,33,1,21:38:25,21:38:32,7,65,bbc,en,0,20
604,65,29,1,21:38:04,21:38:15,10,65,bbc,en,0,20
605,65,39,1,21:40:03,21:40:19,15,65,bbc,en,0,20
606,65,45,1,21:40:55,21:42:41,104,65,bbc,en,0,20
607,65,47,0,21:42:41,21:43:58,76,65,bbc,en,0,20
608,65,49,0,21:43:58,21:43:59,0,65,bbc,en,0,20
609,65,41,1,21:40:19,21:40:33,13,65,bbc,en,0,20
610,65,43,1,21:40:33,21:40:55,21,65,bbc,en,0,20
611,65,51,0,21:43:59,21:44:00,1,65,bbc,en,0,20
612,66,11,1,21:49:09,21:49:21,11,66,qq,en,1,26
613,66,9,1,21:48:22,21:49:09,47,66,qq,en,1,26
614,66,7,1,21:48:14,21:48:22,7,66,qq,en,1,26
615,66,5,1,21:48:09,21:48:14,5,66,qq,en,1,26
616,66,1,1,-00:00:01,21:48:02,15,66,qq,en,1,26
617,66,3,1,21:48:02,21:48:09,7,66,qq,en,1,26
618,66,23,0,21:51:03,21:51:13,9,66,qq,en,1,26
619,66,21,1,21:50:50,21:51:03,12,66,qq,en,1,26
620,66,19,1,21:50:20,21:50:50,30,66,qq,en,1,26
621,66,17,1,21:50:14,21:50:20,5,66,qq,en,1,26
622,66,13,1,21:49:21,21:49:56,34,66,qq,en,1,26
623,66,15,1,21:49:56,21:50:14,18,66,qq,en,1,26
624,66,25,1,21:51:13,21:51:21,8,66,qq,en,1,26
625,67,27,1,-00:00:01,22:07:17,37,67,bbc,en,0,36
626,67,29,1,22:07:17,22:07:24,6,67,bbc,en,0,36
627,67,31,1,22:07:24,22:07:31,6,67,bbc,en,0,36
628,67,33,1,22:07:31,22:07:36,5,67,bbc,en,0,36
629,67,35,1,22:07:36,22:07:54,17,67,bbc,en,0,36
630,67,37,1,22:07:54,22:08:16,21,67,bbc,en,0,36
631,67,39,1,22:08:16,22:08:35,19,67,bbc,en,0,36
632,67,41,1,22:08:35,22:08:44,8,67,bbc,en,0,36
633,67,43,1,22:08:44,22:08:54,9,67,bbc,en,0,36
634,67,45,1,22:08:54,22:09:21,26,67,bbc,en,0,36
635,67,47,1,22:09:21,22:09:34,12,67,bbc,en,0,36
636,67,49,1,22:09:34,22:09:50,16,67,bbc,en,0,36
637,67,51,1,22:09:50,22:09:56,5,67,bbc,en,0,36
638,70,1,1,-00:00:01,23:03:32,7,70,qq,en,0,20
639,70,3,1,23:03:32,23:03:41,9,70,qq,en,0,20
640,70,5,1,23:03:41,23:03:48,7,70,qq,en,0,20
641,70,7,1,23:03:48,23:03:57,8,70,qq,en,0,20
642,70,9,1,23:03:57,23:04:42,44,70,qq,en,0,20
643,70,11,0,23:04:42,23:05:17,34,70,qq,en,0,20
644,70,13,1,23:05:17,23:06:20,62,70,qq,en,0,20
645,70,17,1,23:06:30,23:06:36,5,70,qq,en,0,20
646,70,15,1,23:06:20,23:06:30,9,70,qq,en,0,20
647,70,19,1,23:06:36,23:06:55,19,70,qq,en,0,20
648,70,21,1,23:06:55,23:07:04,8,70,qq,en,0,20
649,70,23,0,23:07:04,23:07:14,9,70,qq,en,0,20
650,70,25,1,23:07:14,23:08:04,49,70,qq,en,0,20
651,72,1,0,-00:00:01,23:19:21,31,72,qq,en,0,26
652,72,5,0,23:20:09,23:20:26,16,72,qq,en,0,26
653,72,3,0,23:19:21,23:20:09,47,72,qq,en,0,26
654,72,7,0,23:20:26,23:20:34,8,72,qq,en,0,26
655,72,9,1,23:20:34,23:20:47,12,72,qq,en,0,26
656,72,11,1,23:20:47,23:20:58,10,72,qq,en,0,26
657,72,13,1,23:20:58,23:21:07,9,72,qq,en,0,26
658,72,15,1,23:21:07,23:21:23,16,72,qq,en,0,26
659,72,17,1,23:21:23,23:21:34,10,72,qq,en,0,26
660,72,19,1,23:21:34,23:21:48,13,72,qq,en,0,26
661,72,23,0,23:21:54,23:22:02,8,72,qq,en,0,26
662,72,21,1,23:21:48,23:21:54,6,72,qq,en,0,26
663,72,25,1,23:22:02,23:22:32,29,72,qq,en,0,26
664,73,29,1,23:53:03,23:53:10,6,73,bbc,en,0,20
665,73,27,1,-00:00:01,23:53:03,15,73,bbc,en,0,20
666,73,33,1,23:53:17,23:53:23,5,73,bbc,en,0,20
667,73,31,1,23:53:10,23:53:17,6,73,bbc,en,0,20
668,73,35,1,23:53:23,23:54:05,41,73,bbc,en,0,20
669,73,37,1,23:54:05,23:54:19,13,73,bbc,en,0,20
670,73,39,1,23:54:19,23:54:37,17,73,bbc,en,0,20
671,73,41,1,23:54:37,23:55:08,29,73,bbc,en,0,20
672,73,43,1,23:55:08,23:55:17,7,73,bbc,en,0,20
673,73,45,1,23:55:17,23:56:39,75,73,bbc,en,0,20
674,73,47,1,23:56:39,23:57:41,57,73,bbc,en,0,20
675,73,49,1,23:57:41,23:57:51,9,73,bbc,en,0,20
676,73,51,1,23:57:51,23:57:55,3,73,bbc,en,0,20
677,74,1,1,-00:00:01,00:54:59,7,74,qq,en,0,20
678,74,3,1,00:54:59,00:55:05,4,74,qq,en,0,20
679,74,7,1,00:55:18,00:55:23,4,74,qq,en,0,20
680,74,5,1,00:55:05,00:55:18,13,74,qq,en,0,20
681,74,9,1,00:55:23,00:55:52,28,74,qq,en,0,20
682,74,11,1,00:55:52,00:56:03,10,74,qq,en,0,20
683,74,13,1,00:56:03,00:56:18,14,74,qq,en,0,20
684,74,15,1,00:56:18,00:57:06,47,74,qq,en,0,20
685,74,17,1,00:57:06,00:57:12,5,74,qq,en,0,20
686,74,19,1,00:57:12,00:58:46,91,74,qq,en,0,20
687,74,21,1,00:58:46,00:58:52,5,74,qq,en,0,20
688,74,23,0,00:58:52,00:59:08,15,74,qq,en,0,20
689,74,25,1,00:59:08,00:59:36,27,74,qq,en,0,20
690,77,31,1,10:05:26,10:05:38,11,77,bbc,en,0,26
691,77,35,1,10:05:45,10:06:29,40,77,bbc,en,0,26
692,77,37,1,10:06:29,10:06:53,20,77,bbc,en,0,26
693,77,33,1,10:05:38,10:05:45,6,77,bbc,en,0,26
694,77,29,1,10:05:17,10:05:26,8,77,bbc,en,0,26
695,77,27,1,-00:00:01,10:05:17,25,77,bbc,en,0,26
696,77,43,1,10:08:42,10:08:52,9,77,bbc,en,0,26
697,77,45,1,10:08:52,10:09:53,56,77,bbc,en,0,26
698,77,47,1,10:09:53,10:11:24,84,77,bbc,en,0,26
699,77,49,1,10:11:24,10:11:39,14,77,bbc,en,0,26
700,77,51,1,10:11:39,10:11:47,7,77,bbc,en,0,26
701,77,41,1,10:08:25,10:08:42,16,77,bbc,en,0,26
702,77,39,1,10:06:53,10:08:25,84,77,bbc,en,0,26
703,78,1,1,-00:00:01,10:40:42,7,78,qq,en,0,26
704,78,3,1,10:40:42,10:40:50,8,78,qq,en,0,26
705,78,5,1,10:40:50,10:40:58,7,78,qq,en,0,26
706,78,7,1,10:40:58,10:41:07,8,78,qq,en,0,26
707,78,9,1,10:41:07,10:41:46,38,78,qq,en,0,26
708,78,11,1,10:41:46,10:42:00,14,78,qq,en,0,26
709,78,13,1,10:42:00,10:42:19,18,78,qq,en,0,26
710,78,15,1,10:42:19,10:42:57,36,78,qq,en,0,26
711,78,17,1,10:42:57,10:43:05,7,78,qq,en,0,26
712,78,19,1,10:43:05,10:43:57,51,78,qq,en,0,26
713,78,21,1,10:43:57,10:44:10,12,78,qq,en,0,26
714,78,23,0,10:44:10,10:44:17,6,78,qq,en,0,26
715,78,25,1,10:44:17,10:44:30,13,78,qq,en,0,26
716,79,31,1,10:46:42,10:46:48,6,79,bbc,en,0,20
717,79,37,1,10:47:48,10:48:07,18,79,bbc,en,0,20
718,79,29,1,10:46:35,10:46:42,6,79,bbc,en,0,20
719,79,33,1,10:46:48,10:46:53,4,79,bbc,en,0,20
720,79,35,1,10:46:53,10:47:48,51,79,bbc,en,0,20
721,79,27,1,-00:00:01,10:46:35,7,79,bbc,en,0,20
722,79,39,1,10:48:07,10:48:20,12,79,bbc,en,0,20
723,79,43,1,10:49:02,10:49:41,37,79,bbc,en,0,20
724,79,47,0,10:50:20,10:50:42,20,79,bbc,en,0,20
725,79,45,1,10:49:41,10:50:20,38,79,bbc,en,0,20
726,79,41,1,10:48:20,10:49:02,40,79,bbc,en,0,20
727,79,49,1,10:50:42,10:50:52,9,79,bbc,en,0,20
728,79,51,1,10:50:52,10:50:57,4,79,bbc,en,0,20
729,80,7,1,10:57:53,10:58:01,8,80,qq,en,1,26
730,80,1,1,-00:00:01,10:57:38,16,80,qq,en,1,26
731,80,9,1,10:58:01,11:00:32,149,80,qq,en,1,26
732,80,5,1,10:57:47,10:57:53,6,80,qq,en,1,26
733,80,3,1,10:57:38,10:57:47,8,80,qq,en,1,26
734,80,11,1,11:00:32,11:00:51,18,80,qq,en,1,26
735,80,13,1,11:00:51,11:01:26,35,80,qq,en,1,26
736,80,19,1,11:01:54,11:02:10,15,80,qq,en,1,26
737,80,21,1,11:02:10,11:02:25,15,80,qq,en,1,26
738,80,23,0,11:02:25,11:02:34,8,80,qq,en,1,26
739,80,15,1,11:01:26,11:01:42,15,80,qq,en,1,26
740,80,17,1,11:01:42,11:01:54,12,80,qq,en,1,26
741,80,25,1,11:02:34,11:03:58,83,80,qq,en,1,26
742,81,37,0,11:14:00,11:14:59,57,81,bbc,en,0,26
743,81,27,1,-00:00:01,11:12:54,25,81,bbc,en,0,26
744,81,35,0,11:13:16,11:14:00,41,81,bbc,en,0,26
745,81,31,1,11:13:01,11:13:11,9,81,bbc,en,0,26
746,81,29,1,11:12:54,11:13:01,7,81,bbc,en,0,26
747,81,39,1,11:14:59,11:15:08,8,81,bbc,en,0,26
748,81,41,1,11:15:08,11:15:25,16,81,bbc,en,0,26
749,81,45,0,11:15:32,11:15:58,25,81,bbc,en,0,26
750,81,43,1,11:15:25,11:15:32,7,81,bbc,en,0,26
751,81,47,0,11:15:58,11:16:02,4,81,bbc,en,0,26
752,81,51,1,11:16:09,11:16:13,4,81,bbc,en,0,26
753,81,49,1,11:16:02,11:16:09,6,81,bbc,en,0,26
754,81,33,1,11:13:11,11:13:16,4,81,bbc,en,0,26
755,82,1,1,-00:00:01,11:17:07,9,82,qq,en,0,20
756,82,3,1,11:17:07,11:17:18,11,82,qq,en,0,20
757,82,7,1,11:17:24,11:17:29,5,82,qq,en,0,20
758,82,9,1,11:17:29,11:17:52,22,82,qq,en,0,20
759,82,11,0,11:17:52,11:18:53,58,82,qq,en,0,20
760,82,5,1,11:17:18,11:17:24,5,82,qq,en,0,20
761,82,13,1,11:18:53,11:19:34,40,82,qq,en,0,20
762,82,15,1,11:19:34,11:19:50,15,82,qq,en,0,20
763,82,17,1,11:19:50,11:19:55,5,82,qq,en,0,20
764,82,19,1,11:19:55,11:20:05,10,82,qq,en,0,20
765,82,21,1,11:20:05,11:20:17,11,82,qq,en,0,20
766,82,23,0,11:20:17,11:20:23,5,82,qq,en,0,20
767,82,25,1,11:20:23,11:21:07,43,82,qq,en,0,20
768,87,27,1,-00:00:01,14:02:08,32,87,bbc,en,1,26
769,87,33,1,14:02:26,14:02:36,9,87,bbc,en,1,26
770,87,31,1,14:02:16,14:02:26,10,87,bbc,en,1,26
771,87,35,1,14:02:36,14:04:16,94,87,bbc,en,1,26
772,87,37,1,14:04:16,14:05:27,67,87,bbc,en,1,26
773,87,29,1,14:02:08,14:02:16,8,87,bbc,en,1,26
774,87,39,1,14:05:27,14:05:43,14,87,bbc,en,1,26
775,87,43,1,14:06:28,14:07:08,37,87,bbc,en,1,26
776,87,41,0,14:05:43,14:06:28,36,87,bbc,en,1,26
777,87,47,1,14:07:52,14:08:00,6,87,bbc,en,1,26
778,87,45,0,14:07:08,14:07:52,40,87,bbc,en,1,26
779,87,49,1,14:08:00,14:08:12,11,87,bbc,en,1,26
780,87,51,1,14:08:12,14:08:19,7,87,bbc,en,1,26
781,88,1,1,-00:00:01,14:38:42,8,88,qq,en,0,20
782,88,3,1,14:38:42,14:38:52,9,88,qq,en,0,20
783,88,5,1,14:38:52,14:38:56,4,88,qq,en,0,20
784,88,11,1,14:39:23,14:39:47,21,88,qq,en,0,20
785,88,7,1,14:38:56,14:39:03,6,88,qq,en,0,20
786,88,9,1,14:39:03,14:39:23,18,88,qq,en,0,20
787,88,13,1,14:39:47,14:40:42,54,88,qq,en,0,20
788,88,17,1,14:40:55,14:41:00,5,88,qq,en,0,20
789,88,15,1,14:40:42,14:40:55,12,88,qq,en,0,20
790,88,21,1,14:41:09,14:41:21,12,88,qq,en,0,20
791,88,19,1,14:41:00,14:41:09,8,88,qq,en,0,20
792,88,23,0,14:41:21,14:41:32,10,88,qq,en,0,20
793,88,25,1,14:41:32,14:42:25,53,88,qq,en,0,20
794,89,29,1,14:46:22,14:46:30,8,89,bbc,en,0,20
795,89,31,1,14:46:30,14:46:37,6,89,bbc,en,0,20
796,89,37,1,14:48:06,14:49:29,77,89,bbc,en,0,20
797,89,35,0,14:46:45,14:48:06,72,89,bbc,en,0,20
798,89,27,1,-00:00:01,14:46:22,28,89,bbc,en,0,20
799,89,33,1,14:46:37,14:46:45,8,89,bbc,en,0,20
800,89,39,1,14:49:29,14:49:55,24,89,bbc,en,0,20
801,89,41,1,14:49:55,14:50:16,18,89,bbc,en,0,20
802,89,43,1,14:50:16,14:50:26,9,89,bbc,en,0,20
803,89,45,0,14:50:26,14:52:00,87,89,bbc,en,0,20
804,89,47,1,14:52:00,14:52:11,10,89,bbc,en,0,20
805,89,49,1,14:52:11,14:52:22,9,89,bbc,en,0,20
806,89,51,1,14:52:22,14:52:26,4,89,bbc,en,0,20
807,90,28,1,-00:00:01,14:59:21,34,90,bbc,zh,1,20
808,90,30,1,14:59:21,14:59:38,15,90,bbc,zh,1,20
809,90,32,1,14:59:38,14:59:43,4,90,bbc,zh,1,20
810,90,34,0,14:59:43,14:59:53,9,90,bbc,zh,1,20
811,90,38,1,15:00:11,15:00:55,39,90,bbc,zh,1,20
812,90,36,1,14:59:53,15:00:11,18,90,bbc,zh,1,20
813,90,40,1,15:00:55,15:01:13,16,90,bbc,zh,1,20
814,90,42,1,15:01:13,15:01:48,30,90,bbc,zh,1,20
815,90,44,1,15:01:48,15:02:00,11,90,bbc,zh,1,20
816,90,46,1,15:02:00,15:02:28,25,90,bbc,zh,1,20
817,90,48,1,15:02:28,15:02:57,27,90,bbc,zh,1,20
818,90,50,1,15:02:57,15:03:07,8,90,bbc,zh,1,20
819,90,52,1,15:03:07,15:03:12,5,90,bbc,zh,1,20
833,96,2,1,-00:00:01,22:00:19,10,96,qq,zh,0,26
834,96,4,1,22:00:19,22:00:29,9,96,qq,zh,0,26
835,96,6,1,22:00:29,22:00:38,9,96,qq,zh,0,26
836,96,8,1,22:00:38,22:00:43,4,96,qq,zh,0,26
837,96,10,1,22:00:43,22:00:59,15,96,qq,zh,0,26
838,96,12,1,22:00:59,22:01:54,54,96,qq,zh,0,26
839,96,14,1,22:01:54,22:02:22,27,96,qq,zh,0,26
840,96,16,1,22:02:22,22:03:26,61,96,qq,zh,0,26
841,96,18,0,22:03:26,22:04:41,72,96,qq,zh,0,26
842,96,20,1,22:04:41,22:05:07,25,96,qq,zh,0,26
843,96,22,1,22:05:07,22:05:17,10,96,qq,zh,0,26
844,96,24,1,22:05:17,22:05:24,6,96,qq,zh,0,26
845,96,26,1,22:05:24,22:05:49,24,96,qq,zh,0,26
846,97,34,1,16:23:01,16:23:09,8,97,bbc,zh,0,26
847,97,28,0,-00:00:01,16:22:38,66,97,bbc,zh,0,26
848,97,36,1,16:23:09,16:23:49,38,97,bbc,zh,0,26
849,97,32,1,16:22:51,16:23:01,9,97,bbc,zh,0,26
850,97,30,1,16:22:38,16:22:51,12,97,bbc,zh,0,26
851,97,38,1,16:23:49,16:24:01,11,97,bbc,zh,0,26
852,97,40,0,16:24:01,16:24:27,26,97,bbc,zh,0,26
853,97,42,0,16:24:27,16:24:48,20,97,bbc,zh,0,26
854,97,44,0,16:24:48,16:25:28,39,97,bbc,zh,0,26
855,97,48,0,16:25:53,16:26:51,57,97,bbc,zh,0,26
856,97,50,0,16:26:51,16:27:22,31,97,bbc,zh,0,26
857,97,46,1,16:25:28,16:25:53,24,97,bbc,zh,0,26
858,97,52,1,16:27:22,16:27:37,14,97,bbc,zh,0,26
859,101,28,0,-00:00:01,22:46:56,79,101,bbc,zh,1,26
860,101,30,1,22:46:56,22:47:21,22,101,bbc,zh,1,26
861,101,36,1,22:47:54,22:49:02,52,101,bbc,zh,1,26
862,101,34,1,22:47:30,22:47:54,20,101,bbc,zh,1,26
863,101,32,1,22:47:21,22:47:30,7,101,bbc,zh,1,26
864,101,38,1,22:49:02,22:49:07,4,101,bbc,zh,1,26
865,101,40,1,22:49:07,22:49:23,12,101,bbc,zh,1,26
866,101,42,1,22:49:23,22:49:52,23,101,bbc,zh,1,26
867,101,44,1,22:49:52,22:50:02,7,101,bbc,zh,1,26
868,101,46,1,22:50:02,22:50:26,20,101,bbc,zh,1,26
869,101,48,1,22:50:26,22:50:47,17,101,bbc,zh,1,26
870,101,50,0,22:50:47,22:50:53,4,101,bbc,zh,1,26
871,101,52,1,22:50:53,22:51:00,5,101,bbc,zh,1,26
872,101,28,0,-00:00:01,22:46:56,79,101,bbc,zh,1,26
873,101,30,1,22:46:56,22:47:21,22,101,bbc,zh,1,26
874,101,32,1,22:47:21,22:47:30,7,101,bbc,zh,1,26
875,101,34,1,22:47:30,22:47:54,20,101,bbc,zh,1,26
876,101,36,1,22:47:54,22:49:02,52,101,bbc,zh,1,26
877,101,38,1,22:49:02,22:49:07,4,101,bbc,zh,1,26
878,101,40,1,22:49:07,22:49:23,12,101,bbc,zh,1,26
879,101,42,1,22:49:23,22:49:52,23,101,bbc,zh,1,26
880,101,44,1,22:49:52,22:50:02,7,101,bbc,zh,1,26
881,101,46,1,22:50:02,22:50:26,20,101,bbc,zh,1,26
882,101,48,1,22:50:26,22:50:47,17,101,bbc,zh,1,26
883,101,50,0,22:50:47,22:50:53,4,101,bbc,zh,1,26
884,101,52,1,22:50:53,22:51:00,5,101,bbc,zh,1,26
885,101,28,0,-00:00:01,00:00:00,-1,101,bbc,zh,1,26
886,101,30,0,-00:00:01,00:00:00,-1,101,bbc,zh,1,26
887,101,32,0,-00:00:01,00:00:00,-1,101,bbc,zh,1,26
888,101,34,0,-00:00:01,00:00:00,-1,101,bbc,zh,1,26
889,101,36,0,-00:00:01,00:00:00,-1,101,bbc,zh,1,26
890,101,38,0,-00:00:01,00:00:00,-1,101,bbc,zh,1,26
891,101,40,0,-00:00:01,00:00:00,-1,101,bbc,zh,1,26
892,101,42,0,-00:00:01,00:00:00,-1,101,bbc,zh,1,26
893,101,44,0,-00:00:01,00:00:00,-1,101,bbc,zh,1,26
894,101,46,0,-00:00:01,00:00:00,-1,101,bbc,zh,1,26
895,101,48,0,-00:00:01,00:00:00,-1,101,bbc,zh,1,26
896,101,50,0,-00:00:01,00:00:00,-1,101,bbc,zh,1,26
897,101,52,0,-00:00:01,00:00:00,-1,101,bbc,zh,1,26
898,125,28,0,-00:00:01,23:37:28,8,125,bbc,zh,1,26
899,125,32,0,23:37:30,23:37:30,0,125,bbc,zh,1,26
900,125,36,0,23:37:31,23:37:31,0,125,bbc,zh,1,26
901,125,38,0,23:37:31,23:37:31,0,125,bbc,zh,1,26
902,125,34,0,23:37:30,23:37:31,0,125,bbc,zh,1,26
903,125,30,0,23:37:28,23:37:30,1,125,bbc,zh,1,26
904,125,40,0,23:37:31,23:37:31,0,125,bbc,zh,1,26
905,125,42,0,23:37:31,23:37:31,0,125,bbc,zh,1,26
906,125,44,0,23:37:31,23:37:31,0,125,bbc,zh,1,26
907,125,46,0,23:37:31,23:37:35,3,125,bbc,zh,1,26
908,125,48,0,23:37:35,23:37:35,0,125,bbc,zh,1,26
909,125,50,0,23:37:35,23:37:36,0,125,bbc,zh,1,26
910,125,52,0,23:37:36,23:37:36,0,125,bbc,zh,1,26
911,125,28,0,-00:00:01,23:37:28,8,125,bbc,zh,1,26
912,125,30,0,23:37:28,23:37:30,1,125,bbc,zh,1,26
913,125,32,0,23:37:30,23:37:30,0,125,bbc,zh,1,26
914,125,34,0,23:37:30,23:37:31,0,125,bbc,zh,1,26
915,125,36,0,23:37:31,23:37:31,0,125,bbc,zh,1,26
916,125,38,0,23:37:31,23:37:31,0,125,bbc,zh,1,26
917,125,40,0,23:37:31,23:37:31,0,125,bbc,zh,1,26
918,125,42,0,23:37:31,23:37:31,0,125,bbc,zh,1,26
919,125,44,0,23:37:31,23:37:31,0,125,bbc,zh,1,26
920,125,48,0,23:37:35,23:37:35,0,125,bbc,zh,1,26
921,125,46,0,23:37:31,23:37:35,3,125,bbc,zh,1,26
922,125,52,0,23:37:36,23:37:36,0,125,bbc,zh,1,26
923,125,50,0,23:37:35,23:37:36,0,125,bbc,zh,1,26
924,125,28,0,-00:00:01,00:00:00,-1,125,bbc,zh,1,26
925,125,30,0,-00:00:01,00:00:00,-1,125,bbc,zh,1,26
926,125,32,0,-00:00:01,00:00:00,-1,125,bbc,zh,1,26
927,125,34,0,-00:00:01,00:00:00,-1,125,bbc,zh,1,26
928,125,36,0,-00:00:01,00:00:00,-1,125,bbc,zh,1,26
929,125,38,0,-00:00:01,00:00:00,-1,125,bbc,zh,1,26
930,125,40,0,-00:00:01,00:00:00,-1,125,bbc,zh,1,26
931,125,42,0,-00:00:01,00:00:00,-1,125,bbc,zh,1,26
932,125,44,0,-00:00:01,00:00:00,-1,125,bbc,zh,1,26
933,125,46,0,-00:00:01,00:00:00,-1,125,bbc,zh,1,26
934,125,48,0,-00:00:01,00:00:00,-1,125,bbc,zh,1,26
935,125,50,0,-00:00:01,00:00:00,-1,125,bbc,zh,1,26
936,125,52,0,-00:00:01,00:00:00,-1,125,bbc,zh,1,26
937,130,13,1,18:46:03,18:46:35,31,130,qq,en,0,20
938,130,1,1,-00:00:01,18:44:43,9,130,qq,en,0,20
939,130,3,1,18:44:43,18:44:48,4,130,qq,en,0,20
940,130,5,1,18:44:48,18:44:53,5,130,qq,en,0,20
941,130,7,1,18:44:53,18:44:59,5,130,qq,en,0,20
942,130,9,1,18:44:59,18:45:40,37,130,qq,en,0,20
943,130,15,1,18:46:35,18:46:41,6,130,qq,en,0,20
944,130,11,1,18:45:40,18:46:03,22,130,qq,en,0,20
945,130,17,1,18:46:41,18:46:49,7,130,qq,en,0,20
946,130,19,0,18:46:49,18:48:39,109,130,qq,en,0,20
947,130,21,1,18:48:39,18:48:51,11,130,qq,en,0,20
948,130,23,0,18:48:51,18:48:57,5,130,qq,en,0,20
949,130,25,1,18:48:57,18:49:13,15,130,qq,en,0,20
950,132,43,1,20:07:17,20:07:31,13,132,bbc,en,0,20
951,132,27,1,-00:00:01,20:04:56,27,132,bbc,en,0,20
952,132,41,1,20:07:03,20:07:17,14,132,bbc,en,0,20
953,132,29,1,20:04:56,20:05:02,5,132,bbc,en,0,20
954,132,31,1,20:05:02,20:05:12,9,132,bbc,en,0,20
955,132,35,1,20:05:18,20:05:40,22,132,bbc,en,0,20
956,132,33,1,20:05:12,20:05:18,6,132,bbc,en,0,20
957,132,37,1,20:05:40,20:06:43,61,132,bbc,en,0,20
958,132,39,1,20:06:43,20:07:03,19,132,bbc,en,0,20
959,132,45,1,20:07:31,20:08:12,40,132,bbc,en,0,20
960,132,47,1,20:08:12,20:08:33,20,132,bbc,en,0,20
961,132,49,1,20:08:33,20:08:47,13,132,bbc,en,0,20
962,132,51,1,20:08:47,20:08:52,5,132,bbc,en,0,20
963,142,11,1,11:07:02,11:07:19,16,142,qq,en,0,56
964,142,3,1,11:05:46,11:05:58,11,142,qq,en,0,56
965,142,1,1,-00:00:01,11:05:46,18,142,qq,en,0,56
966,142,9,1,11:06:20,11:07:02,41,142,qq,en,0,56
967,142,7,1,11:06:10,11:06:20,9,142,qq,en,0,56
968,142,5,1,11:05:58,11:06:10,11,142,qq,en,0,56
969,142,13,1,11:07:19,11:09:32,130,142,qq,en,0,56
970,142,15,1,11:09:32,11:10:04,31,142,qq,en,0,56
971,142,17,1,11:10:04,11:10:15,10,142,qq,en,0,56
972,142,19,1,11:10:15,11:12:04,107,142,qq,en,0,56
973,142,21,1,11:12:04,11:12:20,15,142,qq,en,0,56
974,142,23,0,11:12:20,11:12:29,8,142,qq,en,0,56
975,142,25,1,11:12:29,11:12:49,18,142,qq,en,0,56
976,146,4,0,07:08:48,07:09:12,22,146,qq,zh,1,20
977,146,6,0,07:09:12,07:09:24,11,146,qq,zh,1,20
978,146,2,0,-00:00:01,07:08:48,30,146,qq,zh,1,20
979,146,8,0,07:09:24,07:09:32,7,146,qq,zh,1,20
980,146,10,0,07:09:32,07:10:54,79,146,qq,zh,1,20
981,146,12,0,07:10:54,07:11:06,10,146,qq,zh,1,20
982,146,14,0,07:11:06,07:11:53,45,146,qq,zh,1,20
983,146,16,0,07:11:53,07:11:57,4,146,qq,zh,1,20
984,146,20,0,07:12:57,07:14:28,87,146,qq,zh,1,20
985,146,22,0,07:14:28,07:14:46,16,146,qq,zh,1,20
986,146,18,0,07:11:57,07:12:57,57,146,qq,zh,1,20
987,146,24,0,07:14:46,07:15:01,14,146,qq,zh,1,20
988,146,26,0,07:15:01,07:18:20,191,146,qq,zh,1,20
989,148,7,1,08:17:54,08:18:01,7,148,qq,en,0,26
990,148,9,1,08:18:01,08:18:29,27,148,qq,en,0,26
991,148,5,1,08:17:46,08:17:54,7,148,qq,en,0,26
992,148,1,1,-00:00:01,08:17:41,9,148,qq,en,0,26
993,148,11,1,08:18:29,08:18:41,12,148,qq,en,0,26
994,148,3,1,08:17:41,08:17:46,5,148,qq,en,0,26
995,148,13,1,08:18:41,08:19:23,40,148,qq,en,0,26
996,148,15,1,08:19:23,08:19:43,19,148,qq,en,0,26
997,148,19,1,08:19:55,08:20:06,10,148,qq,en,0,26
998,148,17,1,08:19:43,08:19:55,11,148,qq,en,0,26
999,148,21,1,08:20:06,08:20:18,11,148,qq,en,0,26
1000,148,23,0,08:20:18,08:20:25,7,148,qq,en,0,26
1001,148,25,1,08:20:25,08:21:08,41,148,qq,en,0,26
1015,150,2,1,-00:00:01,17:05:20,29,150,qq,zh,1,26
1016,150,4,1,17:05:20,17:05:32,10,150,qq,zh,1,26
1017,150,6,1,17:05:32,17:05:35,3,150,qq,zh,1,26
1018,150,8,1,17:05:35,17:05:42,6,150,qq,zh,1,26
1019,150,10,1,17:05:42,17:05:57,15,150,qq,zh,1,26
1020,150,12,1,17:05:57,17:06:12,15,150,qq,zh,1,26
1021,150,14,1,17:06:12,17:06:32,19,150,qq,zh,1,26
1022,150,16,1,17:06:32,17:06:42,9,150,qq,zh,1,26
1023,150,18,0,17:06:42,17:09:49,183,150,qq,zh,1,26
1024,150,20,1,17:09:49,17:10:27,37,150,qq,zh,1,26
1025,150,22,1,17:10:27,17:10:44,17,150,qq,zh,1,26
1026,150,24,1,17:10:44,17:10:54,10,150,qq,zh,1,26
1027,150,26,1,17:10:54,17:11:32,37,150,qq,zh,1,26
1028,151,28,1,-00:00:01,17:03:56,30,151,bbc,zh,1,26
1029,151,30,1,17:03:56,17:04:06,10,151,bbc,zh,1,26
1030,151,34,1,17:04:11,17:04:16,5,151,bbc,zh,1,26
1031,151,36,1,17:04:16,17:04:34,15,151,bbc,zh,1,26
1032,151,32,1,17:04:06,17:04:11,5,151,bbc,zh,1,26
1033,151,38,1,17:04:34,17:05:01,25,151,bbc,zh,1,26
1034,151,42,1,17:10:16,17:11:32,69,151,bbc,zh,1,26
1035,151,40,1,17:05:01,17:10:16,309,151,bbc,zh,1,26
1036,151,46,1,17:11:41,17:12:46,62,151,bbc,zh,1,26
1037,151,44,1,17:11:32,17:11:41,9,151,bbc,zh,1,26
1038,151,50,1,17:12:56,17:13:26,27,151,bbc,zh,1,26
1039,151,52,1,17:13:26,17:13:35,8,151,bbc,zh,1,26
1040,151,48,1,17:12:46,17:12:56,9,151,bbc,zh,1,26
1041,159,28,0,-00:00:01,17:21:57,43,159,bbc,zh,0,20
1042,159,30,1,17:21:57,17:22:19,18,159,bbc,zh,0,20
1043,159,38,1,17:23:18,17:23:28,8,159,bbc,zh,0,20
1044,159,36,1,17:22:52,17:23:18,20,159,bbc,zh,0,20
1045,159,34,1,17:22:32,17:22:52,18,159,bbc,zh,0,20
1046,159,42,1,17:23:36,17:23:53,14,159,bbc,zh,0,20
1047,159,48,1,17:24:23,17:24:29,5,159,bbc,zh,0,20
1048,159,52,1,17:24:43,17:24:50,5,159,bbc,zh,0,20
1049,159,46,0,17:24:02,17:24:23,18,159,bbc,zh,0,20
1050,159,50,1,17:24:29,17:24:43,12,159,bbc,zh,0,20
1051,159,32,1,17:22:19,17:22:32,9,159,bbc,zh,0,20
1052,159,40,1,17:23:28,17:23:36,6,159,bbc,zh,0,20
1053,159,44,1,17:23:53,17:24:02,8,159,bbc,zh,0,20
1054,156,6,1,17:20:07,17:20:14,6,156,qq,zh,0,20
1055,156,8,1,17:20:14,17:20:27,13,156,qq,zh,0,20
1056,156,10,0,17:20:27,17:21:50,82,156,qq,zh,0,20
1057,156,4,1,17:19:49,17:20:07,17,156,qq,zh,0,20
1058,156,12,1,17:21:50,17:22:27,36,156,qq,zh,0,20
1059,156,18,0,17:23:11,17:23:59,47,156,qq,zh,0,20
1060,156,2,1,-00:00:01,17:19:49,13,156,qq,zh,0,20
1061,156,16,1,17:23:07,17:23:11,4,156,qq,zh,0,20
1062,156,14,1,17:22:27,17:23:07,38,156,qq,zh,0,20
1063,156,20,1,17:23:59,17:24:19,19,156,qq,zh,0,20
1064,156,26,1,17:24:47,17:25:39,50,156,qq,zh,0,20
1065,156,22,1,17:24:19,17:24:37,18,156,qq,zh,0,20
1066,156,24,1,17:24:37,17:24:47,10,156,qq,zh,0,20
1067,161,36,1,17:22:51,17:23:51,58,161,bbc,zh,1,20
1068,161,38,1,17:23:51,17:25:26,93,161,bbc,zh,1,20
1069,161,34,1,17:22:42,17:22:51,8,161,bbc,zh,1,20
1070,161,30,1,17:22:29,17:22:35,5,161,bbc,zh,1,20
1071,161,28,1,-00:00:01,17:22:29,31,161,bbc,zh,1,20
1072,161,32,1,17:22:35,17:22:42,7,161,bbc,zh,1,20
1073,161,42,1,17:25:49,17:25:59,9,161,bbc,zh,1,20
1074,161,40,1,17:25:26,17:25:49,22,161,bbc,zh,1,20
1075,161,44,1,17:25:59,17:26:14,14,161,bbc,zh,1,20
1076,161,46,1,17:26:14,17:27:06,51,161,bbc,zh,1,20
1077,161,50,1,17:27:19,17:28:24,63,161,bbc,zh,1,20
1078,161,48,1,17:27:06,17:27:19,13,161,bbc,zh,1,20
1079,161,52,1,17:28:24,17:28:37,12,161,bbc,zh,1,20
1080,168,2,1,-00:00:01,17:29:16,10,168,qq,zh,0,20
1081,168,6,1,17:29:21,17:29:26,4,168,qq,zh,0,20
1082,168,4,1,17:29:16,17:29:21,5,168,qq,zh,0,20
1083,168,8,1,17:29:26,17:29:30,4,168,qq,zh,0,20
1084,168,10,1,17:29:30,17:29:52,21,168,qq,zh,0,20
1085,168,12,1,17:29:52,17:29:56,4,168,qq,zh,0,20
1086,168,16,1,17:30:04,17:30:25,20,168,qq,zh,0,20
1087,168,14,1,17:29:56,17:30:04,7,168,qq,zh,0,20
1088,168,20,1,17:30:32,17:30:41,8,168,qq,zh,0,20
1089,168,18,1,17:30:25,17:30:32,6,168,qq,zh,0,20
1090,168,22,1,17:30:41,17:30:50,9,168,qq,zh,0,20
1091,168,24,1,17:30:50,17:31:00,9,168,qq,zh,0,20
1092,168,26,1,17:31:00,17:31:21,21,168,qq,zh,0,20
1093,167,36,0,17:29:08,17:30:06,56,167,bbc,zh,1,20
1094,167,38,1,17:30:06,17:30:27,21,167,bbc,zh,1,20
1095,167,34,1,17:29:03,17:29:08,4,167,bbc,zh,1,20
1096,167,30,1,17:28:44,17:28:57,13,167,bbc,zh,1,20
1097,167,28,1,-00:00:01,17:28:44,23,167,bbc,zh,1,20
1098,167,32,1,17:28:57,17:29:03,5,167,bbc,zh,1,20
1099,167,40,1,17:30:27,17:30:36,9,167,bbc,zh,1,20
1100,167,44,1,17:30:44,17:31:14,28,167,bbc,zh,1,20
1101,167,42,1,17:30:36,17:30:44,7,167,bbc,zh,1,20
1102,167,46,1,17:31:14,17:31:53,38,167,bbc,zh,1,20
1103,167,48,1,17:31:53,17:31:58,5,167,bbc,zh,1,20
1104,167,50,1,17:31:58,17:32:23,24,167,bbc,zh,1,20
1105,167,52,1,17:32:23,17:32:31,8,167,bbc,zh,1,20
1106,164,2,1,-00:00:01,17:30:41,134,164,qq,zh,1,20
1107,164,4,1,17:30:41,17:30:54,10,164,qq,zh,1,20
1108,164,6,1,17:30:54,17:31:01,6,164,qq,zh,1,20
1109,164,8,1,17:31:01,17:31:07,5,164,qq,zh,1,20
1110,164,10,1,17:31:07,17:31:21,12,164,qq,zh,1,20
1111,164,12,1,17:31:21,17:31:40,15,164,qq,zh,1,20
1112,164,14,0,17:31:40,17:32:41,47,164,qq,zh,1,20
1113,164,16,1,17:32:41,17:32:51,8,164,qq,zh,1,20
1114,164,18,0,17:32:51,17:33:32,32,164,qq,zh,1,20
1115,164,20,1,17:33:32,17:33:42,9,164,qq,zh,1,20
1116,164,22,0,17:33:42,17:34:06,18,164,qq,zh,1,20
1117,164,24,1,17:34:06,17:34:18,7,164,qq,zh,1,20
1118,164,26,0,17:34:18,17:35:07,38,164,qq,zh,1,20
1119,179,2,1,-00:00:01,17:59:54,12,179,qq,zh,1,20
1120,179,4,1,17:59:54,18:00:00,5,179,qq,zh,1,20
1121,179,10,1,18:00:11,18:00:29,17,179,qq,zh,1,20
1122,179,6,1,18:00:00,18:00:03,3,179,qq,zh,1,20
1123,179,12,1,18:00:29,18:00:43,13,179,qq,zh,1,20
1124,179,8,1,18:00:03,18:00:11,7,179,qq,zh,1,20
1125,179,14,1,18:00:43,18:01:00,16,179,qq,zh,1,20
1126,179,16,1,18:01:00,18:01:12,12,179,qq,zh,1,20
1127,179,18,1,18:01:12,18:01:28,14,179,qq,zh,1,20
1128,179,20,1,18:01:28,18:02:06,37,179,qq,zh,1,20
1129,179,22,0,18:02:06,18:03:01,53,179,qq,zh,1,20
1130,179,24,1,18:03:01,18:03:07,5,179,qq,zh,1,20
1131,179,26,1,18:03:07,18:04:26,77,179,qq,zh,1,20
1132,181,2,0,-00:00:01,18:07:06,51,181,qq,zh,1,20
1133,181,4,0,18:07:06,18:07:21,14,181,qq,zh,1,20
1134,181,6,0,18:07:21,18:07:34,12,181,qq,zh,1,20
1135,181,8,0,18:07:34,18:07:41,7,181,qq,zh,1,20
1136,181,10,0,18:07:41,18:08:51,68,181,qq,zh,1,20
1137,181,12,0,18:08:51,18:09:29,38,181,qq,zh,1,20
1138,181,14,0,18:09:29,18:10:12,42,181,qq,zh,1,20
1139,181,16,0,18:10:12,18:10:22,9,181,qq,zh,1,20
1140,181,20,0,18:10:38,18:11:53,73,181,qq,zh,1,20
1141,181,18,0,18:10:22,18:10:38,15,181,qq,zh,1,20
1142,181,22,0,18:11:53,18:12:13,20,181,qq,zh,1,20
1143,181,24,0,18:12:13,18:12:34,20,181,qq,zh,1,20
1144,181,26,0,18:12:34,18:12:52,18,181,qq,zh,1,20
1145,182,30,0,18:15:25,18:15:52,19,182,bbc,zh,1,20
1146,182,28,0,-00:00:01,18:15:25,97,182,bbc,zh,1,20
1147,182,32,0,18:15:52,18:16:19,25,182,bbc,zh,1,20
1148,182,34,0,18:16:19,18:16:34,14,182,bbc,zh,1,20
1149,182,36,1,18:16:34,18:16:55,19,182,bbc,zh,1,20
1150,182,38,1,18:16:55,18:17:42,44,182,bbc,zh,1,20
1151,182,40,1,18:17:42,18:17:48,5,182,bbc,zh,1,20
1152,182,42,1,18:17:48,18:17:55,6,182,bbc,zh,1,20
1153,182,44,1,18:17:55,18:18:06,9,182,bbc,zh,1,20
1154,182,46,0,18:18:06,18:18:27,20,182,bbc,zh,1,20
1155,182,48,1,18:18:27,18:18:59,30,182,bbc,zh,1,20
1156,182,52,0,18:19:23,18:19:37,13,182,bbc,zh,1,20
1157,182,50,0,18:18:59,18:19:23,22,182,bbc,zh,1,20
1158,183,2,0,-00:00:01,18:21:18,70,183,qq,zh,1,20
1159,183,6,1,18:21:42,18:21:47,4,183,qq,zh,1,20
1160,183,4,1,18:21:18,18:21:42,23,183,qq,zh,1,20
1161,183,8,1,18:21:47,18:21:51,4,183,qq,zh,1,20
1162,183,10,1,18:21:51,18:22:12,20,183,qq,zh,1,20
1163,183,12,1,18:22:12,18:22:21,8,183,qq,zh,1,20
1164,183,14,1,18:22:21,18:22:59,36,183,qq,zh,1,20
1165,183,16,1,18:22:59,18:23:07,7,183,qq,zh,1,20
1166,183,18,0,18:23:07,18:24:21,71,183,qq,zh,1,20
1167,183,20,1,18:24:21,18:26:24,116,183,qq,zh,1,20
1168,183,22,0,18:26:24,18:26:52,26,183,qq,zh,1,20
1169,183,24,1,18:26:52,18:26:58,6,183,qq,zh,1,20
1170,183,26,1,18:26:58,18:27:08,9,183,qq,zh,1,20
1171,184,30,0,18:26:09,18:26:14,2,184,bbc,zh,1,20
1172,184,28,0,-00:00:01,18:26:09,27,184,bbc,zh,1,20
1173,184,32,0,18:26:14,18:26:45,25,184,bbc,zh,1,20
1174,184,34,0,18:26:45,18:27:25,30,184,bbc,zh,1,20
1175,184,38,0,18:29:20,18:29:39,16,184,bbc,zh,1,20
1176,184,40,1,18:29:39,18:29:44,4,184,bbc,zh,1,20
1177,184,36,0,18:27:25,18:29:20,83,184,bbc,zh,1,20
1178,184,42,1,18:29:44,18:30:05,16,184,bbc,zh,1,20
1179,184,44,1,18:30:05,18:30:11,5,184,bbc,zh,1,20
1180,184,48,1,18:31:16,18:31:31,11,184,bbc,zh,1,20
1181,184,46,0,18:30:11,18:31:16,45,184,bbc,zh,1,20
1182,184,50,0,18:31:31,18:32:21,34,184,bbc,zh,1,20
1183,184,52,0,18:32:21,18:33:37,60,184,bbc,zh,1,20
1184,192,28,1,-00:00:01,18:42:32,77,192,bbc,zh,1,20
1185,192,32,1,18:44:16,18:44:33,17,192,bbc,zh,1,20
1186,192,30,0,18:42:32,18:44:16,101,192,bbc,zh,1,20
1187,192,34,1,18:44:33,18:44:41,7,192,bbc,zh,1,20
1188,192,36,1,18:44:41,18:44:54,13,192,bbc,zh,1,20
1189,192,38,1,18:44:54,18:45:51,55,192,bbc,zh,1,20
1190,192,40,1,18:45:51,18:45:57,6,192,bbc,zh,1,20
1191,192,42,1,18:45:57,18:46:06,8,192,bbc,zh,1,20
1192,192,44,1,18:46:06,18:46:11,4,192,bbc,zh,1,20
1193,192,48,1,18:46:35,18:46:44,9,192,bbc,zh,1,20
1194,192,46,1,18:46:11,18:46:35,22,192,bbc,zh,1,20
1195,192,50,1,18:46:44,18:47:31,45,192,bbc,zh,1,20
1196,192,52,1,18:47:31,18:48:47,74,192,bbc,zh,1,20
1197,193,2,1,-00:00:01,18:45:41,16,193,qq,zh,1,20
1198,193,4,1,18:45:41,18:45:50,9,193,qq,zh,1,20
1199,193,6,1,18:45:50,18:45:57,7,193,qq,zh,1,20
1200,193,10,1,18:46:02,18:46:52,50,193,qq,zh,1,20
1201,193,8,1,18:45:57,18:46:02,4,193,qq,zh,1,20
1202,193,12,1,18:46:52,18:47:17,24,193,qq,zh,1,20
1203,193,14,1,18:47:17,18:47:32,14,193,qq,zh,1,20
1204,193,16,1,18:47:32,18:47:40,8,193,qq,zh,1,20
1205,193,18,1,18:47:40,18:47:59,18,193,qq,zh,1,20
1206,193,22,1,18:48:58,18:49:30,31,193,qq,zh,1,20
1207,193,20,1,18:47:59,18:48:58,58,193,qq,zh,1,20
1208,193,24,1,18:49:30,18:49:37,7,193,qq,zh,1,20
1209,193,26,1,18:49:37,18:50:06,28,193,qq,zh,1,20
1210,204,32,1,19:45:01,19:45:07,6,204,bbc,zh,0,20
1211,204,36,1,19:45:12,19:45:31,18,204,bbc,zh,0,20
1212,204,28,1,-00:00:01,19:44:54,106,204,bbc,zh,0,20
1213,204,34,1,19:45:07,19:45:12,4,204,bbc,zh,0,20
1214,204,30,1,19:44:54,19:45:01,6,204,bbc,zh,0,20
1215,204,38,0,19:45:31,19:46:00,28,204,bbc,zh,0,20
1216,204,40,1,19:46:00,19:46:06,6,204,bbc,zh,0,20
1217,204,48,1,19:46:45,19:46:52,6,204,bbc,zh,0,20
1218,204,46,0,19:46:26,19:46:45,18,204,bbc,zh,0,20
1219,204,42,1,19:46:06,19:46:20,13,204,bbc,zh,0,20
1220,204,44,1,19:46:20,19:46:26,6,204,bbc,zh,0,20
1221,204,50,0,19:46:52,19:47:21,29,204,bbc,zh,0,20
1222,204,52,1,19:47:21,19:47:29,7,204,bbc,zh,0,20
1223,242,28,0,-00:00:01,21:48:27,50,242,bbc,zh,0,20
1224,242,30,0,21:48:27,21:48:37,9,242,bbc,zh,0,20
1225,242,32,1,21:48:37,21:48:52,14,242,bbc,zh,0,20
1226,242,36,1,21:49:11,21:49:33,21,242,bbc,zh,0,20
1227,242,34,1,21:48:52,21:49:11,17,242,bbc,zh,0,20
1228,242,38,1,21:49:33,21:49:58,23,242,bbc,zh,0,20
1229,242,40,1,21:49:58,21:50:07,8,242,bbc,zh,0,20
1230,242,42,1,21:50:07,21:50:52,42,242,bbc,zh,0,20
1231,242,44,1,21:50:52,21:51:06,13,242,bbc,zh,0,20
1232,242,46,0,21:51:06,21:51:43,34,242,bbc,zh,0,20
1233,242,48,1,21:51:43,21:52:11,25,242,bbc,zh,0,20
1234,242,50,1,21:52:11,21:52:38,25,242,bbc,zh,0,20
1235,242,52,0,21:52:38,21:53:21,40,242,bbc,zh,0,20
1236,240,28,0,-00:00:01,21:46:32,13,240,bbc,zh,1,20
1237,240,30,0,21:46:32,21:47:36,60,240,bbc,zh,1,20
1238,240,32,0,21:47:36,21:48:56,75,240,bbc,zh,1,20
1239,240,36,1,21:49:23,21:49:38,14,240,bbc,zh,1,20
1240,240,34,0,21:48:56,21:49:23,25,240,bbc,zh,1,20
1241,240,40,1,21:49:44,21:50:01,15,240,bbc,zh,1,20
1242,240,38,1,21:49:38,21:49:44,6,240,bbc,zh,1,20
1243,240,42,1,21:50:01,21:50:38,35,240,bbc,zh,1,20
1244,240,44,0,21:50:38,21:52:11,83,240,bbc,zh,1,20
1245,240,46,1,21:52:11,21:52:26,14,240,bbc,zh,1,20
1246,240,48,1,21:52:26,21:52:31,5,240,bbc,zh,1,20
1247,240,50,1,21:52:31,21:53:04,31,240,bbc,zh,1,20
1248,240,52,1,21:53:04,21:53:43,37,240,bbc,zh,1,20
1249,253,10,1,22:14:56,22:15:58,59,253,qq,zh,1,20
1250,253,2,1,-00:00:01,22:14:43,9,253,qq,zh,1,20
1251,253,8,1,22:14:52,22:14:56,4,253,qq,zh,1,20
1252,253,4,1,22:14:43,22:14:49,6,253,qq,zh,1,20
1253,253,12,1,22:15:58,22:16:13,13,253,qq,zh,1,20
1254,253,6,1,22:14:49,22:14:52,2,253,qq,zh,1,20
1255,253,14,1,22:16:13,22:16:48,33,253,qq,zh,1,20
1256,253,26,1,22:19:24,22:19:35,10,253,qq,zh,1,20
1257,253,18,0,22:16:56,22:17:22,24,253,qq,zh,1,20
1258,253,24,1,22:19:17,22:19:24,7,253,qq,zh,1,20
1259,253,20,1,22:17:22,22:18:49,82,253,qq,zh,1,20
1260,253,22,1,22:18:49,22:19:17,26,253,qq,zh,1,20
1261,253,16,1,22:16:48,22:16:56,7,253,qq,zh,1,20
1262,251,4,1,22:14:07,22:14:14,6,251,qq,zh,1,20
1263,251,18,0,22:17:13,22:19:18,125,251,qq,zh,1,20
1264,251,12,1,22:14:34,22:14:40,6,251,qq,zh,1,20
1265,251,10,1,22:14:24,22:14:34,10,251,qq,zh,1,20
1266,251,2,1,-00:00:01,22:14:07,47,251,qq,zh,1,20
1267,251,6,1,22:14:14,22:14:20,6,251,qq,zh,1,20
1268,251,16,1,22:16:27,22:17:13,45,251,qq,zh,1,20
1269,251,14,0,22:14:40,22:16:27,106,251,qq,zh,1,20
1270,251,22,1,22:19:39,22:19:59,20,251,qq,zh,1,20
1271,251,20,1,22:19:18,22:19:39,21,251,qq,zh,1,20
1272,251,26,1,22:20:05,22:20:10,4,251,qq,zh,1,20
1273,251,24,1,22:19:59,22:20:05,5,251,qq,zh,1,20
1274,251,8,1,22:14:20,22:14:24,3,251,qq,zh,1,20
1275,254,30,1,22:16:17,22:16:40,22,254,bbc,zh,0,20
1276,254,28,1,-00:00:01,22:16:17,40,254,bbc,zh,0,20
1277,254,32,1,22:16:40,22:16:49,8,254,bbc,zh,0,20
1278,254,34,1,22:16:49,22:16:59,10,254,bbc,zh,0,20
1279,254,40,1,22:18:36,22:18:49,12,254,bbc,zh,0,20
1280,254,36,1,22:16:59,22:17:21,21,254,bbc,zh,0,20
1281,254,42,1,22:18:49,22:19:01,11,254,bbc,zh,0,20
1282,254,38,1,22:17:21,22:18:36,73,254,bbc,zh,0,20
1283,254,44,1,22:19:01,22:19:14,13,254,bbc,zh,0,20
1284,254,48,1,22:19:45,22:20:02,17,254,bbc,zh,0,20
1285,254,46,1,22:19:14,22:19:45,29,254,bbc,zh,0,20
1286,254,52,1,22:20:13,22:20:19,6,254,bbc,zh,0,20
1287,254,50,1,22:20:02,22:20:13,9,254,bbc,zh,0,20
1288,252,28,1,-00:00:01,22:15:30,73,252,bbc,zh,0,20
1289,252,30,1,22:15:30,22:15:37,7,252,bbc,zh,0,20
1290,252,32,1,22:15:37,22:15:46,8,252,bbc,zh,0,20
1291,252,34,1,22:15:46,22:15:55,9,252,bbc,zh,0,20
1292,252,36,1,22:15:55,22:16:21,25,252,bbc,zh,0,20
1293,252,38,1,22:16:21,22:16:36,14,252,bbc,zh,0,20
1294,252,40,1,22:16:36,22:16:52,15,252,bbc,zh,0,20
1295,252,42,1,22:16:52,22:17:45,51,252,bbc,zh,0,20
1296,252,44,1,22:17:45,22:18:02,16,252,bbc,zh,0,20
1297,252,46,0,22:18:02,22:25:31,438,252,bbc,zh,0,20
1298,252,48,1,22:25:31,22:25:51,19,252,bbc,zh,0,20
1299,252,50,1,22:25:51,22:26:41,49,252,bbc,zh,0,20
1300,252,52,1,22:26:41,22:27:15,33,252,bbc,zh,0,20
1301,262,28,1,-00:00:01,23:51:39,65,262,bbc,zh,0,20
1302,262,30,1,23:51:39,23:51:51,11,262,bbc,zh,0,20
1303,262,34,1,23:51:58,23:52:09,10,262,bbc,zh,0,20
1304,262,32,1,23:51:51,23:51:58,6,262,bbc,zh,0,20
1305,262,36,1,23:52:09,23:52:31,21,262,bbc,zh,0,20
1306,262,42,1,23:53:36,23:53:54,17,262,bbc,zh,0,20
1307,262,38,1,23:52:31,23:53:04,31,262,bbc,zh,0,20
1308,262,40,1,23:53:04,23:53:36,30,262,bbc,zh,0,20
1309,262,46,1,23:54:07,23:54:44,34,262,bbc,zh,0,20
1310,262,44,1,23:53:54,23:54:07,12,262,bbc,zh,0,20
1311,262,48,1,23:54:44,23:55:02,17,262,bbc,zh,0,20
1312,262,50,1,23:55:02,23:55:27,24,262,bbc,zh,0,20
1313,262,52,1,23:55:27,23:55:47,19,262,bbc,zh,0,20
1314,264,30,1,23:55:33,23:55:43,8,264,bbc,zh,0,20
1315,264,28,1,-00:00:01,23:55:33,74,264,bbc,zh,0,20
1316,264,32,1,23:55:43,23:55:48,5,264,bbc,zh,0,20
1317,264,34,1,23:55:48,23:55:54,5,264,bbc,zh,0,20
1318,264,38,1,23:56:47,23:57:06,18,264,bbc,zh,0,20
1319,264,36,1,23:55:54,23:56:47,50,264,bbc,zh,0,20
1320,264,40,1,23:57:06,23:57:35,27,264,bbc,zh,0,20
1321,264,42,1,23:57:35,23:57:40,5,264,bbc,zh,0,20
1322,264,44,1,23:57:40,00:00:16,146,264,bbc,zh,0,20
1323,264,46,1,00:00:16,00:01:16,56,264,bbc,zh,0,20
1324,264,48,1,00:01:16,00:01:28,11,264,bbc,zh,0,20
1325,264,52,1,00:01:54,00:02:06,11,264,bbc,zh,0,20
1326,264,50,0,00:01:28,00:01:54,24,264,bbc,zh,0,20
1327,265,8,1,01:34:17,01:34:20,3,265,qq,zh,1,20
1328,265,2,1,-00:00:01,01:34:02,6,265,qq,zh,1,20
1329,265,6,1,01:34:14,01:34:17,3,265,qq,zh,1,20
1330,265,4,1,01:34:02,01:34:14,11,265,qq,zh,1,20
1331,265,10,1,01:34:20,01:34:57,33,265,qq,zh,1,20
1332,265,12,1,01:34:57,01:35:04,7,265,qq,zh,1,20
1333,265,16,1,01:35:15,01:35:22,7,265,qq,zh,1,20
1334,265,14,1,01:35:04,01:35:15,10,265,qq,zh,1,20
1335,265,18,1,01:35:22,01:35:52,29,265,qq,zh,1,20
1336,265,20,1,01:35:52,01:36:39,46,265,qq,zh,1,20
1337,265,22,1,01:36:39,01:36:52,13,265,qq,zh,1,20
1338,265,24,1,01:36:52,01:37:00,8,265,qq,zh,1,20
1339,265,26,1,01:37:00,01:37:35,34,265,qq,zh,1,20
1340,268,34,1,10:54:25,10:54:34,8,268,bbc,zh,0,26
1341,268,32,1,10:54:17,10:54:25,7,268,bbc,zh,0,26
1342,268,38,1,10:55:05,10:56:37,85,268,bbc,zh,0,26
1343,268,30,1,10:54:05,10:54:17,12,268,bbc,zh,0,26
1344,268,36,1,10:54:34,10:55:05,31,268,bbc,zh,0,26
1345,268,28,1,-00:00:01,10:54:05,65,268,bbc,zh,0,26
1346,268,40,1,10:56:37,10:56:46,9,268,bbc,zh,0,26
1347,268,42,1,10:56:46,10:57:17,29,268,bbc,zh,0,26
1348,268,44,0,10:57:17,10:58:00,42,268,bbc,zh,0,26
1349,268,46,0,10:58:00,10:58:04,1,268,bbc,zh,0,26
1350,268,48,1,10:58:04,10:58:14,10,268,bbc,zh,0,26
1351,268,50,0,10:58:14,10:58:31,16,268,bbc,zh,0,26
1352,268,52,0,10:58:31,10:58:51,19,268,bbc,zh,0,26
1353,269,6,1,11:00:38,11:00:45,6,269,qq,zh,1,26
1354,269,8,1,11:00:45,11:00:51,6,269,qq,zh,1,26
1355,269,12,1,11:02:03,11:02:21,17,269,qq,zh,1,26
1356,269,10,1,11:00:51,11:02:03,71,269,qq,zh,1,26
1357,269,16,1,11:03:15,11:03:28,12,269,qq,zh,1,26
1358,269,14,1,11:02:21,11:03:15,53,269,qq,zh,1,26
1359,269,18,0,11:03:28,11:04:46,73,269,qq,zh,1,26
1360,269,2,1,-00:00:01,11:00:24,6,269,qq,zh,1,26
1361,269,4,1,11:00:24,11:00:38,13,269,qq,zh,1,26
1362,269,20,1,11:04:46,11:05:11,24,269,qq,zh,1,26
1363,269,22,1,11:05:11,11:05:53,41,269,qq,zh,1,26
1364,269,24,1,11:05:53,11:06:02,9,269,qq,zh,1,26
1365,269,26,1,11:06:02,11:07:26,82,269,qq,zh,1,26
1366,271,2,0,-00:00:01,14:19:51,96,271,qq,zh,1,20
1367,271,4,0,14:19:51,14:20:13,22,271,qq,zh,1,20
1368,271,6,0,14:20:13,14:20:18,4,271,qq,zh,1,20
1369,271,10,1,14:20:39,14:20:55,15,271,qq,zh,1,20
1370,271,12,0,14:20:55,14:21:09,13,271,qq,zh,1,20
1371,271,8,0,14:20:18,14:20:39,20,271,qq,zh,1,20
1372,271,14,1,14:21:09,14:21:15,5,271,qq,zh,1,20
1373,271,16,1,14:21:15,14:21:20,4,271,qq,zh,1,20
1374,271,18,1,14:21:20,14:21:33,12,271,qq,zh,1,20
1375,271,20,0,14:21:33,14:23:28,111,271,qq,zh,1,20
1376,271,24,1,14:23:45,14:23:56,10,271,qq,zh,1,20
1377,271,22,0,14:23:28,14:23:45,16,271,qq,zh,1,20
1378,271,26,1,14:23:56,14:24:21,24,271,qq,zh,1,20
