Id,MainId,QuestionId,Correct,StartTime,EndTime,Time
1,2,1,1,-00:00:01,14:46:57,3
2,2,3,1,14:46:57,14:47:02,5
3,2,5,1,14:47:02,14:47:08,5
4,2,7,1,14:47:08,14:47:22,13
5,2,9,1,14:47:22,14:47:55,33
6,2,11,1,14:47:55,14:48:09,13
7,2,13,1,14:48:09,14:48:33,24
8,2,17,1,14:48:43,14:48:50,6
9,2,15,1,14:48:33,14:48:43,10
10,2,19,1,14:48:50,14:49:00,10
11,2,21,1,14:49:00,14:49:09,8
12,2,23,0,14:49:09,14:49:17,8
13,2,25,1,14:49:17,14:49:39,22
14,3,31,0,15:47:57,15:48:08,10
15,3,27,0,-00:00:01,15:47:31,10
16,3,29,0,15:47:31,15:47:57,24
17,3,35,0,15:48:11,15:48:26,14
18,3,33,0,15:48:08,15:48:11,3
19,3,37,1,15:48:26,15:48:50,23
20,3,41,1,15:49:03,15:49:39,33
21,3,39,1,15:48:50,15:49:03,12
22,3,43,1,15:49:39,15:50:34,53
23,3,47,1,15:50:49,15:50:55,5
24,3,45,1,15:50:34,15:50:49,14
25,3,49,0,15:50:55,15:50:59,4
26,3,51,1,15:50:59,15:51:08,8
27,4,1,1,-00:00:01,21:51:12,6
28,4,5,1,21:51:17,21:51:22,4
29,4,3,1,21:51:12,21:51:17,5
30,4,7,1,21:51:22,21:51:31,8
31,4,9,1,21:51:31,21:51:59,28
32,4,11,1,21:51:59,21:52:20,19
33,4,13,1,21:52:20,21:52:48,27
34,4,17,1,21:53:03,21:53:09,6
35,4,15,1,21:52:48,21:53:03,14
36,4,19,1,21:53:09,21:53:17,7
37,4,21,1,21:53:17,21:53:34,16
38,4,23,0,21:53:34,21:53:40,5
39,4,25,1,21:53:40,21:54:30,49
40,5,33,0,22:00:08,22:00:10,2
41,5,29,0,21:59:42,22:00:00,16
42,5,27,0,-00:00:01,21:59:42,30
43,5,31,0,22:00:00,22:00:08,8
44,5,37,1,22:00:13,22:01:21,62
45,5,35,0,22:00:10,22:00:13,2
46,5,43,1,22:02:06,22:02:14,8
47,5,39,1,22:01:21,22:01:50,27
48,5,41,1,22:01:50,22:02:06,15
49,5,45,1,22:02:14,22:02:47,30
50,5,49,0,22:02:53,22:03:26,30
51,5,47,1,22:02:47,22:02:53,6
52,5,51,0,22:03:26,22:03:58,24
53,6,1,1,-00:00:01,22:02:09,8
54,6,3,1,22:02:09,22:02:20,10
55,6,5,1,22:02:20,22:02:23,3
56,6,7,1,22:02:23,22:02:29,6
57,6,11,1,22:02:53,22:03:27,32
58,6,9,1,22:02:29,22:02:53,23
59,6,13,1,22:03:27,22:03:41,13
60,6,15,1,22:03:41,22:03:48,7
61,6,17,1,22:03:48,22:05:47,117
62,6,19,1,22:05:47,22:06:17,30
63,6,21,1,22:06:17,22:06:26,9
64,6,23,0,22:06:26,22:06:34,8
65,6,25,1,22:06:34,22:06:42,7
66,7,43,1,22:29:31,22:29:35,4
67,7,41,1,22:29:11,22:29:31,19
68,7,27,0,-00:00:01,22:07:35,33
69,7,39,1,22:28:48,22:29:11,21
70,7,29,0,22:07:35,22:07:51,13
71,7,31,0,22:07:51,22:10:52,175
72,7,33,0,22:10:52,22:12:14,81
73,7,37,1,22:27:56,22:28:48,51
74,7,35,1,22:12:14,22:27:56,925
75,7,49,1,22:30:44,22:31:21,35
76,7,51,1,22:31:21,22:31:28,7
77,7,47,1,22:30:37,22:30:44,7
78,7,45,0,22:29:35,22:30:37,58
79,12,1,1,-00:00:01,22:41:46,7
80,12,3,1,22:41:46,22:41:55,8
81,12,5,1,22:41:55,22:41:59,4
82,12,7,1,22:41:59,22:42:05,5
83,12,9,1,22:42:05,22:42:29,23
84,12,11,1,22:42:29,22:43:18,48
85,12,13,1,22:43:18,22:44:02,41
86,12,15,1,22:44:02,22:44:30,25
87,12,17,1,22:44:30,22:44:36,6
88,12,19,1,22:44:36,22:44:49,12
89,12,21,1,22:44:49,22:45:00,10
90,12,23,0,22:45:00,22:45:08,7
91,12,25,0,22:45:08,22:47:48,151
92,14,1,0,-00:00:01,00:16:59,2
93,14,5,0,00:16:59,00:16:59,0
94,14,9,0,00:16:59,00:16:59,0
95,14,7,0,00:16:59,00:16:59,0
96,14,11,0,00:16:59,00:16:59,0
97,14,3,0,00:16:59,00:16:59,0
98,14,13,0,00:16:59,00:16:59,0
99,14,15,0,00:16:59,00:16:59,0
100,14,17,0,00:16:59,00:17:00,0
101,14,21,0,00:17:00,00:17:00,0
102,14,19,0,00:17:00,00:17:00,0
103,14,25,0,00:17:01,00:17:06,3
104,14,23,0,00:17:00,00:17:01,0
105,15,27,0,-00:00:01,00:20:29,2
106,15,29,0,00:20:29,00:20:31,1
107,15,33,0,00:20:31,00:20:31,0
108,15,31,0,00:20:31,00:20:31,0
109,15,35,0,00:20:31,00:20:32,0
110,15,39,0,00:20:32,00:20:32,0
111,15,37,0,00:20:32,00:20:32,0
112,15,41,0,00:20:32,00:20:32,0
113,15,43,0,00:20:32,00:20:32,0
114,15,45,0,00:20:32,00:20:32,0
115,15,47,0,00:20:32,00:20:32,0
116,15,49,0,00:20:32,00:20:33,0
117,15,51,0,00:20:33,00:20:33,0
118,17,27,1,-00:00:01,01:23:54,21
119,17,31,1,01:24:11,01:24:17,5
120,17,35,1,01:24:22,01:25:05,41
121,17,29,1,01:23:54,01:24:11,16
122,17,33,1,01:24:17,01:24:22,4
123,17,37,1,01:25:05,01:25:18,12
124,17,39,1,01:25:18,01:25:35,16
125,17,43,1,01:25:49,01:25:58,8
126,17,41,1,01:25:35,01:25:49,13
127,17,45,1,01:25:58,01:27:07,65
128,17,47,1,01:27:07,01:28:00,51
129,17,49,1,01:28:00,01:28:13,12
130,17,51,1,01:28:13,01:28:17,3
131,18,30,1,20:20:21,20:20:40,15
132,18,28,1,-00:00:01,20:20:21,77
133,18,32,1,20:20:40,20:20:47,6
134,18,34,1,20:20:47,20:20:54,7
135,18,36,1,20:20:54,20:21:41,45
136,18,38,1,20:21:41,20:22:13,29
137,18,42,1,20:22:20,20:22:34,14
138,18,40,1,20:22:13,20:22:20,6
139,18,44,1,20:22:34,20:22:46,10
140,18,46,1,20:22:46,20:23:30,42
141,18,52,1,20:23:56,20:24:02,5
142,18,50,1,20:23:44,20:23:56,11
143,18,48,1,20:23:30,20:23:44,13
144,18,28,1,-00:00:01,20:20:21,77
145,18,32,1,20:20:40,20:20:47,6
146,18,34,1,20:20:47,20:20:54,7
147,18,36,1,20:20:54,20:21:41,45
148,18,30,1,20:20:21,20:20:40,15
149,18,38,1,20:21:41,20:22:13,29
150,18,40,1,20:22:13,20:22:20,6
151,18,42,1,20:22:20,20:22:34,14
152,18,44,1,20:22:34,20:22:46,10
153,18,46,1,20:22:46,20:23:30,42
154,18,48,1,20:23:30,20:23:44,13
155,18,50,1,20:23:44,20:23:56,11
156,18,52,1,20:23:56,20:24:02,5
157,20,29,1,23:49:14,23:49:20,5
158,20,37,1,23:49:49,23:51:47,116
159,20,35,1,23:49:30,23:49:49,18
160,20,27,1,-00:00:01,23:49:14,4
161,20,31,1,23:49:20,23:49:26,5
162,20,33,1,23:49:26,23:49:30,4
163,20,39,1,23:51:47,23:52:09,21
164,20,41,1,23:52:09,23:52:26,16
165,20,43,1,23:52:26,23:52:37,10
166,20,49,1,23:53:32,23:53:55,23
167,20,47,1,23:53:05,23:53:32,25
168,20,45,1,23:52:37,23:53:05,28
169,20,51,1,23:53:55,23:54:00,4
170,19,1,1,-00:00:01,23:45:58,22
171,19,3,1,23:45:58,23:46:05,6
172,19,5,1,23:46:05,23:46:09,4
173,19,7,1,23:46:09,23:46:17,8
174,19,9,0,23:46:17,23:48:27,128
175,19,11,1,23:48:27,23:50:58,150
176,19,15,1,23:51:31,23:51:44,12
177,19,17,1,23:51:44,23:51:54,10
178,19,23,0,23:52:30,23:52:41,11
179,19,19,1,23:51:54,23:52:08,14
180,19,21,1,23:52:08,23:52:30,21
181,19,25,1,23:52:41,23:53:29,46
182,19,13,1,23:50:58,23:51:31,32
183,22,27,1,-00:00:01,09:42:50,51
184,22,39,1,09:46:12,09:46:34,21
185,22,29,1,09:42:50,09:43:05,14
186,22,43,1,09:46:47,09:47:00,12
187,22,31,1,09:43:05,09:43:16,10
188,22,41,1,09:46:34,09:46:47,13
189,22,35,1,09:43:25,09:44:37,70
190,22,33,1,09:43:16,09:43:25,8
191,22,37,1,09:44:37,09:46:12,93
192,22,45,1,09:47:00,09:47:26,26
193,22,47,1,09:47:26,09:47:41,14
194,22,49,1,09:47:41,09:48:53,70
195,22,51,0,09:48:53,09:49:18,24
196,23,1,1,-00:00:01,10:23:44,6
197,23,5,1,10:23:57,10:24:02,4
198,23,3,1,10:23:44,10:23:57,12
199,23,7,1,10:24:02,10:24:12,9
200,23,9,1,10:24:12,10:24:27,15
201,23,11,1,10:24:27,10:24:39,12
202,23,13,1,10:24:39,10:25:21,41
203,23,15,1,10:25:21,10:25:35,14
204,23,17,1,10:25:35,10:25:42,6
205,23,19,1,10:25:42,10:26:48,64
206,23,21,1,10:26:48,10:27:12,24
207,23,23,0,10:27:12,10:27:17,5
208,23,25,1,10:27:17,10:28:02,43
209,24,33,1,12:38:20,12:38:27,6
210,24,31,1,12:38:13,12:38:20,7
211,24,29,1,12:37:53,12:38:13,19
212,24,35,0,12:38:27,12:39:44,76
213,24,27,1,-00:00:01,12:37:53,15
214,24,39,1,12:40:05,12:40:40,34
215,24,41,1,12:40:40,12:40:58,17
216,24,43,1,12:40:58,12:41:09,11
217,24,37,1,12:39:44,12:40:05,20
218,24,45,0,12:41:09,12:42:43,93
219,24,47,1,12:42:43,12:43:03,19
220,24,49,1,12:43:03,12:43:22,18
221,24,51,1,12:43:22,12:43:29,7
222,26,27,1,-00:00:01,13:52:52,20
223,26,29,1,13:52:52,13:53:01,8
224,26,35,1,13:53:19,13:54:42,74
225,26,37,1,13:54:42,13:54:58,15
226,26,33,1,13:53:10,13:53:19,8
227,26,31,1,13:53:01,13:53:10,9
228,26,39,1,13:54:58,13:56:26,83
229,26,41,1,13:56:26,13:57:42,71
230,26,43,0,13:57:42,13:57:48,5
231,26,47,1,13:57:59,13:58:08,9
232,26,49,1,13:58:08,13:58:18,8
233,26,45,1,13:57:48,13:57:59,9
234,26,51,1,13:58:18,13:58:22,3
235,27,1,1,-00:00:01,14:09:31,8
236,27,3,1,14:09:31,14:09:37,5
237,27,5,1,14:09:37,14:09:42,5
238,27,7,1,14:09:42,14:09:49,6
239,27,9,1,14:09:49,14:10:35,45
240,27,11,1,14:10:35,14:11:28,52
241,27,13,1,14:11:28,14:11:45,16
242,27,17,1,14:12:05,14:12:12,7
243,27,15,1,14:11:45,14:12:05,20
244,27,19,1,14:12:12,14:12:33,20
245,27,21,1,14:12:33,14:12:39,5
246,27,23,0,14:12:39,14:12:47,7
247,27,25,0,14:12:47,14:14:12,84
248,29,1,1,-00:00:01,18:37:02,6
249,29,3,1,18:37:02,18:37:10,7
250,29,5,1,18:37:10,18:37:15,5
251,29,7,1,18:37:15,18:37:26,10
252,29,17,1,18:39:30,18:39:37,7
253,29,9,1,18:37:26,18:37:46,20
254,29,13,1,18:37:57,18:38:35,37
255,29,15,1,18:38:35,18:39:30,54
256,29,11,1,18:37:46,18:37:57,11
257,29,19,1,18:39:37,18:39:46,8
258,29,21,1,18:39:46,18:39:57,10
259,29,23,0,18:39:57,18:40:02,5
260,29,25,1,18:40:02,18:40:09,6
261,31,3,1,18:40:10,18:40:20,10
262,31,1,1,-00:00:01,18:40:10,7
263,31,5,1,18:40:20,18:40:30,9
264,31,7,1,18:40:30,18:40:36,5
265,31,9,1,18:40:36,18:41:08,29
266,31,11,1,18:41:08,18:41:23,14
267,31,15,1,18:42:01,18:42:16,14
268,31,13,0,18:41:23,18:42:01,38
269,31,19,1,18:42:19,18:42:26,6
270,31,17,0,18:42:16,18:42:19,3
271,31,21,1,18:42:26,18:42:35,9
272,31,23,0,18:42:35,18:42:43,7
273,31,25,1,18:42:43,18:43:05,21
274,30,27,1,-00:00:01,18:40:44,26
275,30,29,1,18:40:44,18:41:14,28
276,30,31,1,18:41:14,18:41:22,8
277,30,33,1,18:41:22,18:41:28,4
278,30,35,1,18:41:28,18:42:47,71
279,30,37,1,18:42:47,18:43:28,38
280,30,39,1,18:43:28,18:43:44,15
281,30,41,1,18:43:44,18:44:00,14
282,30,43,0,18:44:00,18:44:36,32
283,30,45,0,18:44:36,18:45:13,36
284,30,47,0,18:45:13,18:45:34,18
285,30,49,0,18:45:34,18:45:34,0
286,30,51,0,18:45:34,18:45:34,0
287,34,37,1,18:46:46,18:46:58,12
288,34,29,0,18:45:40,18:45:46,5
289,34,35,1,18:45:56,18:46:46,48
290,34,27,1,-00:00:01,18:45:40,10
291,34,31,1,18:45:46,18:45:51,4
292,34,33,1,18:45:51,18:45:56,4
293,34,39,1,18:46:58,18:47:16,17
294,34,45,1,18:47:30,18:48:49,78
295,34,41,1,18:47:16,18:47:23,7
296,34,43,1,18:47:23,18:47:30,6
297,34,47,1,18:48:49,18:49:20,30
298,34,49,1,18:49:20,18:49:29,8
299,34,51,1,18:49:29,18:49:33,4
300,33,1,1,-00:00:01,18:45:14,5
301,33,5,1,18:45:18,18:45:23,4
302,33,3,1,18:45:14,18:45:18,4
303,33,7,1,18:45:23,18:45:39,15
304,33,9,1,18:45:39,18:46:34,54
305,33,11,1,18:46:34,18:46:45,11
306,33,13,1,18:46:45,18:46:55,9
307,33,17,1,18:47:16,18:47:21,4
308,33,15,1,18:46:55,18:47:16,20
309,33,19,0,18:47:21,18:49:25,122
310,33,21,1,18:49:25,18:49:33,7
311,33,23,0,18:49:33,18:49:42,8
312,33,25,1,18:49:42,18:49:50,8
313,37,1,1,-00:00:01,18:46:53,8
314,37,3,1,18:46:53,18:46:59,5
315,37,5,1,18:46:59,18:47:03,4
316,37,9,1,18:47:10,18:47:35,25
317,37,11,1,18:47:35,18:47:46,10
318,37,7,1,18:47:03,18:47:10,6
319,37,13,1,18:47:46,18:48:03,16
320,37,15,1,18:48:03,18:48:24,20
321,37,17,1,18:48:24,18:48:30,6
322,37,21,1,18:48:41,18:48:54,12
323,37,19,1,18:48:30,18:48:41,10
324,37,23,0,18:48:54,18:49:09,15
325,37,25,1,18:49:09,18:50:27,76
326,36,27,1,-00:00:01,18:47:12,62
327,36,29,1,18:47:12,18:47:22,9
328,36,31,1,18:47:22,18:47:28,5
329,36,33,1,18:47:28,18:47:33,5
330,36,37,1,18:48:01,18:48:47,41
331,36,35,1,18:47:33,18:48:01,22
332,36,39,1,18:48:47,18:49:03,14
333,36,41,1,18:49:03,18:49:11,8
334,36,43,1,18:49:11,18:49:21,9
335,36,45,0,18:49:21,18:50:16,53
336,36,47,1,18:50:16,18:50:25,8
337,36,49,1,18:50:25,18:50:51,25
338,36,51,1,18:50:51,18:50:56,5
339,39,1,1,-00:00:01,18:48:47,5
340,39,13,1,18:50:23,18:51:03,38
341,39,3,1,18:48:47,18:48:54,6
342,39,5,1,18:48:54,18:48:59,4
343,39,17,1,18:51:09,18:51:21,11
344,39,7,1,18:48:59,18:49:07,8
345,39,9,1,18:49:07,18:49:26,18
346,39,11,1,18:49:26,18:50:23,54
347,39,15,1,18:51:03,18:51:09,6
348,39,19,1,18:51:21,18:51:30,9
349,39,23,0,18:51:43,18:51:52,9
350,39,25,1,18:51:52,18:52:08,15
351,39,21,1,18:51:30,18:51:43,11
352,40,27,1,-00:00:01,18:50:21,24
353,40,33,1,18:50:38,18:50:42,4
354,40,29,1,18:50:21,18:50:33,12
355,40,31,1,18:50:33,18:50:38,4
356,40,35,1,18:50:42,18:51:18,34
357,40,37,1,18:51:18,18:51:28,9
358,40,43,1,18:52:04,18:52:48,39
359,40,45,1,18:52:48,18:53:21,31
360,40,39,1,18:51:28,18:51:59,28
361,40,41,1,18:51:59,18:52:04,5
362,40,47,1,18:53:21,18:53:30,8
363,40,49,1,18:53:30,18:53:39,8
364,40,51,1,18:53:39,18:53:43,3
365,42,27,1,-00:00:01,18:51:45,15
366,42,29,1,18:51:45,18:51:53,8
367,42,31,1,18:51:53,18:51:59,5
368,42,33,1,18:51:59,18:52:03,3
369,42,35,1,18:52:03,18:52:30,26
370,42,37,1,18:52:30,18:52:47,16
371,42,41,1,18:53:06,18:53:21,14
372,42,39,1,18:52:47,18:53:06,17
373,42,45,1,18:53:30,18:55:17,103
374,42,43,1,18:53:21,18:53:30,9
375,42,47,1,18:55:17,18:55:27,10
376,42,49,1,18:55:27,18:55:47,17
377,42,51,1,18:55:47,18:55:52,4
378,44,31,1,18:55:31,18:55:38,6
379,44,29,1,18:55:23,18:55:31,8
380,44,27,1,-00:00:01,18:55:23,25
381,44,33,1,18:55:38,18:55:44,6
382,44,35,1,18:55:44,18:56:41,55
383,44,37,1,18:56:41,18:57:05,23
384,44,43,1,18:57:20,18:57:31,10
385,44,41,1,18:57:12,18:57:20,8
386,44,39,1,18:57:05,18:57:12,6
387,44,45,1,18:57:31,18:58:01,29
388,44,47,0,18:58:01,18:58:10,9
389,44,49,0,18:58:10,18:58:15,4
390,44,51,1,18:58:15,18:58:20,4
391,43,1,1,-00:00:01,18:53:33,11
392,43,3,1,18:53:33,18:53:46,12
393,43,15,1,18:57:05,18:57:28,22
394,43,5,1,18:53:46,18:53:53,7
395,43,7,1,18:53:53,18:54:10,16
396,43,13,0,18:54:58,18:57:05,124
397,43,9,1,18:54:10,18:54:44,33
398,43,17,1,18:57:28,18:57:34,6
399,43,11,1,18:54:44,18:54:58,13
400,43,19,1,18:57:34,18:57:39,4
401,43,21,1,18:57:39,18:57:52,12
402,43,23,0,18:57:52,18:57:57,5
403,43,25,0,18:57:57,18:58:57,59
404,45,1,1,-00:00:01,19:05:29,8
405,45,3,1,19:05:29,19:05:37,7
406,45,5,1,19:05:37,19:05:42,4
407,45,7,1,19:05:42,19:05:53,10
408,45,9,1,19:05:53,19:06:29,35
409,45,11,1,19:06:29,19:06:40,10
410,45,13,1,19:06:40,19:07:32,52
411,45,17,1,19:07:40,19:07:46,5
412,45,19,1,19:07:46,19:08:01,15
413,45,15,1,19:07:32,19:07:40,7
414,45,21,1,19:08:01,19:08:13,12
415,45,23,0,19:08:13,19:08:19,6
416,45,25,1,19:08:19,19:09:46,85
417,46,27,1,-00:00:01,19:06:42,22
418,46,29,1,19:06:42,19:06:56,13
419,46,31,1,19:06:56,19:07:05,8
420,46,33,1,19:07:05,19:07:09,4
421,46,35,1,19:07:09,19:08:03,53
422,46,37,1,19:08:03,19:08:16,12
423,46,39,1,19:08:16,19:08:27,11
424,46,41,1,19:08:27,19:08:43,16
425,46,43,1,19:08:43,19:08:49,5
426,46,45,1,19:08:49,19:09:42,52
427,46,47,1,19:09:42,19:09:48,6
428,46,49,1,19:09:48,19:09:54,5
429,46,51,1,19:09:54,19:09:59,4
430,47,1,1,-00:00:01,19:07:39,10
431,47,5,1,19:07:45,19:07:49,4
432,47,9,1,19:07:55,19:08:18,22
433,47,7,1,19:07:49,19:07:55,5
434,47,11,1,19:08:18,19:09:13,55
435,47,3,1,19:07:39,19:07:45,5
436,47,15,1,19:09:31,19:09:39,7
437,47,13,1,19:09:13,19:09:31,17
438,47,17,1,19:09:39,19:10:05,25
439,47,19,1,19:10:05,19:11:16,69
440,47,21,1,19:11:16,19:11:26,10
441,47,23,0,19:11:26,19:11:35,8
442,47,25,1,19:11:35,19:12:14,38
443,48,27,1,-00:00:01,19:10:14,56
444,48,29,1,19:10:14,19:10:34,18
445,48,31,1,19:10:34,19:10:52,17
446,48,33,1,19:10:52,19:10:57,5
447,48,35,1,19:10:57,19:11:35,36
448,48,37,1,19:11:35,19:11:42,7
449,48,39,1,19:11:42,19:12:50,66
450,48,41,1,19:12:50,19:13:06,15
451,48,43,1,19:13:06,19:14:20,72
452,48,45,1,19:14:20,19:18:09,224
453,48,49,1,19:18:38,19:19:32,52
454,48,47,1,19:18:09,19:18:38,25
455,48,51,1,19:19:32,19:19:41,9
456,50,35,0,19:17:00,19:17:52,46
457,50,43,1,19:18:35,19:18:41,6
458,50,39,1,19:18:03,19:18:19,15
459,50,41,1,19:18:19,19:18:35,15
460,50,31,1,19:16:46,19:16:52,5
461,50,27,1,-00:00:01,19:16:37,13
462,50,37,1,19:17:52,19:18:03,10
463,50,29,1,19:16:37,19:16:46,8
464,50,33,1,19:16:52,19:17:00,7
465,50,45,0,19:18:41,19:19:14,32
466,50,49,1,19:19:20,19:19:49,28
467,50,47,1,19:19:14,19:19:20,5
468,50,51,1,19:19:49,19:20:05,15
469,51,1,1,-00:00:01,19:36:53,8
470,51,3,1,19:36:53,19:36:58,4
471,51,7,1,19:37:06,19:37:16,10
472,51,9,1,19:37:16,19:37:47,30
473,51,5,1,19:36:58,19:37:06,8
474,51,11,0,19:37:47,19:38:23,35
475,51,13,0,19:38:23,19:38:24,1
476,51,15,0,19:38:24,19:38:25,0
477,51,17,0,19:38:25,19:38:25,0
478,51,19,0,19:38:25,19:38:26,0
479,51,21,0,19:38:26,19:38:26,0
480,51,23,0,19:38:26,19:38:26,0
481,51,25,0,19:38:26,19:38:26,0
482,52,6,1,19:38:13,19:38:20,7
483,52,2,0,-00:00:01,19:38:00,18
484,52,4,0,19:38:00,19:38:13,11
485,52,8,1,19:38:20,19:38:27,6
486,52,10,1,19:38:27,19:38:37,10
487,52,12,0,19:38:37,19:38:44,6
488,52,16,1,19:38:59,19:39:03,4
489,52,14,0,19:38:44,19:38:59,14
490,52,18,0,19:39:03,19:39:12,8
491,52,20,0,19:39:12,19:39:25,12
492,52,24,0,19:39:32,19:39:38,5
493,52,22,0,19:39:25,19:39:32,6
494,52,26,0,19:39:38,19:39:40,1
495,54,1,1,-00:00:01,20:01:23,5
496,54,3,1,20:01:23,20:01:28,4
497,54,5,1,20:01:28,20:01:31,3
498,54,9,1,20:01:35,20:01:55,18
499,54,7,1,20:01:31,20:01:35,3
500,54,11,1,20:01:55,20:02:04,8
501,54,13,1,20:02:04,20:02:10,5
502,54,15,1,20:02:10,20:02:46,36
503,54,17,1,20:02:46,20:02:50,4
504,54,19,1,20:02:50,20:04:58,126
505,54,21,1,20:04:58,20:05:05,6
506,54,23,0,20:05:05,20:05:10,4
507,54,25,1,20:05:10,20:05:34,24
508,55,33,0,-00:00:01,00:00:00,-1
509,55,27,0,-00:00:01,00:00:00,-1
510,55,31,0,-00:00:01,00:00:00,-1
511,55,35,0,-00:00:01,00:00:00,-1
512,55,37,0,-00:00:01,00:00:00,-1
513,55,29,0,-00:00:01,00:00:00,-1
514,55,39,0,-00:00:01,00:00:00,-1
515,55,41,0,-00:00:01,00:00:00,-1
516,55,43,0,-00:00:01,00:00:00,-1
517,55,47,0,-00:00:01,00:00:00,-1
518,55,45,0,-00:00:01,00:00:00,-1
519,55,49,0,-00:00:01,20:07:16,7
520,55,51,0,20:07:16,20:07:16,0
521,56,1,1,-00:00:01,20:05:47,8
522,56,9,1,20:06:17,20:06:37,19
523,56,11,1,20:06:37,20:06:45,7
524,56,3,1,20:05:47,20:05:51,4
525,56,5,1,20:05:51,20:06:08,13
526,56,7,1,20:06:08,20:06:17,9
527,56,13,1,20:06:45,20:07:29,43
528,56,15,1,20:07:29,20:07:42,13
529,56,17,1,20:07:42,20:07:49,6
530,56,19,1,20:07:49,20:08:01,11
531,56,21,1,20:08:01,20:08:09,7
532,56,23,0,20:08:09,20:08:35,25
533,56,25,1,20:08:35,20:09:28,53
534,57,27,1,-00:00:01,20:07:56,7
535,57,33,1,20:08:07,20:08:19,11
536,57,29,1,20:07:56,20:08:03,7
537,57,37,1,20:08:55,20:09:18,23
538,57,35,1,20:08:19,20:08:55,35
539,57,31,1,20:08:03,20:08:07,3
540,57,39,1,20:09:18,20:09:32,13
541,57,41,1,20:09:32,20:09:44,12
542,57,43,1,20:09:44,20:09:54,9
543,57,45,1,20:09:54,20:10:32,37
544,57,47,1,20:10:32,20:10:38,6
545,57,49,1,20:10:38,20:11:12,33
546,57,51,1,20:11:12,20:11:16,3
547,59,27,1,-00:00:01,20:30:37,51
548,59,29,1,20:30:37,20:30:45,7
549,59,31,1,20:30:45,20:30:57,12
550,59,33,1,20:30:57,20:31:04,6
551,59,35,1,20:31:04,20:31:49,43
552,59,37,1,20:31:49,20:32:07,15
553,59,39,1,20:32:07,20:32:24,16
554,59,41,1,20:32:24,20:32:50,24
555,59,43,1,20:32:50,20:33:04,13
556,59,45,1,20:33:04,20:34:11,62
557,59,47,1,20:34:11,20:34:22,10
558,59,49,1,20:34:22,20:35:46,80
559,59,51,1,20:35:46,20:35:55,9
560,60,1,1,-00:00:01,20:38:47,7
561,60,3,1,20:38:47,20:38:52,5
562,60,5,1,20:38:52,20:38:56,4
563,60,7,1,20:38:56,20:39:01,4
564,60,9,1,20:39:01,20:39:20,18
565,60,11,1,20:39:20,20:39:38,17
566,60,13,1,20:39:38,20:40:11,32
567,60,15,1,20:40:11,20:40:27,15
568,60,17,1,20:40:27,20:40:34,6
569,60,19,1,20:40:34,20:40:39,5
570,60,21,0,20:40:39,20:40:45,5
571,60,23,0,20:40:45,20:40:50,5
572,60,25,1,20:40:50,20:42:00,69
573,61,27,1,-00:00:01,20:40:16,53
574,61,29,1,20:40:16,20:40:21,5
575,61,35,0,20:40:36,20:41:38,49
576,61,33,1,20:40:30,20:40:36,5
577,61,37,1,20:41:38,20:41:53,14
578,61,31,1,20:40:21,20:40:30,8
579,61,39,1,20:41:53,20:42:13,19
580,61,41,1,20:42:13,20:42:44,30
581,61,47,1,20:44:31,20:44:53,21
582,61,45,1,20:43:29,20:44:31,61
583,61,43,1,20:42:44,20:43:29,44
584,61,49,1,20:44:53,20:45:05,12
585,61,51,1,20:45:05,20:45:11,5
586,64,1,1,-00:00:01,21:37:19,12
587,64,3,1,21:37:19,21:37:26,6
588,64,5,1,21:37:26,21:37:33,7
589,64,9,1,21:37:40,21:38:09,28
590,64,7,1,21:37:33,21:37:40,6
591,64,11,1,21:38:09,21:38:19,10
592,64,13,1,21:38:19,21:38:48,28
593,64,15,1,21:38:48,21:38:58,10
594,64,17,1,21:38:58,21:39:03,4
595,64,21,1,21:39:08,21:39:28,19
596,64,19,1,21:39:03,21:39:08,5
597,64,23,0,21:39:28,21:39:35,6
598,64,25,1,21:39:35,21:40:48,72
599,65,31,1,21:38:15,21:38:25,9
600,65,35,0,21:38:32,21:39:44,71
601,65,37,1,21:39:44,21:40:03,14
602,65,27,1,-00:00:01,21:38:04,34
603,65,33,1,21:38:25,21:38:32,7
604,65,29,1,21:38:04,21:38:15,10
605,65,39,1,21:40:03,21:40:19,15
606,65,45,1,21:40:55,21:42:41,104
607,65,47,0,21:42:41,21:43:58,76
608,65,49,0,21:43:58,21:43:59,0
609,65,41,1,21:40:19,21:40:33,13
610,65,43,1,21:40:33,21:40:55,21
611,65,51,0,21:43:59,21:44:00,1
612,66,11,1,21:49:09,21:49:21,11
613,66,9,1,21:48:22,21:49:09,47
614,66,7,1,21:48:14,21:48:22,7
615,66,5,1,21:48:09,21:48:14,5
616,66,1,1,-00:00:01,21:48:02,15
617,66,3,1,21:48:02,21:48:09,7
618,66,23,0,21:51:03,21:51:13,9
619,66,21,1,21:50:50,21:51:03,12
620,66,19,1,21:50:20,21:50:50,30
621,66,17,1,21:50:14,21:50:20,5
622,66,13,1,21:49:21,21:49:56,34
623,66,15,1,21:49:56,21:50:14,18
624,66,25,1,21:51:13,21:51:21,8
625,67,27,1,-00:00:01,22:07:17,37
626,67,29,1,22:07:17,22:07:24,6
627,67,31,1,22:07:24,22:07:31,6
628,67,33,1,22:07:31,22:07:36,5
629,67,35,1,22:07:36,22:07:54,17
630,67,37,1,22:07:54,22:08:16,21
631,67,39,1,22:08:16,22:08:35,19
632,67,41,1,22:08:35,22:08:44,8
633,67,43,1,22:08:44,22:08:54,9
634,67,45,1,22:08:54,22:09:21,26
635,67,47,1,22:09:21,22:09:34,12
636,67,49,1,22:09:34,22:09:50,16
637,67,51,1,22:09:50,22:09:56,5
638,70,1,1,-00:00:01,23:03:32,7
639,70,3,1,23:03:32,23:03:41,9
640,70,5,1,23:03:41,23:03:48,7
641,70,7,1,23:03:48,23:03:57,8
642,70,9,1,23:03:57,23:04:42,44
643,70,11,0,23:04:42,23:05:17,34
644,70,13,1,23:05:17,23:06:20,62
645,70,17,1,23:06:30,23:06:36,5
646,70,15,1,23:06:20,23:06:30,9
647,70,19,1,23:06:36,23:06:55,19
648,70,21,1,23:06:55,23:07:04,8
649,70,23,0,23:07:04,23:07:14,9
650,70,25,1,23:07:14,23:08:04,49
651,72,1,0,-00:00:01,23:19:21,31
652,72,5,0,23:20:09,23:20:26,16
653,72,3,0,23:19:21,23:20:09,47
654,72,7,0,23:20:26,23:20:34,8
655,72,9,1,23:20:34,23:20:47,12
656,72,11,1,23:20:47,23:20:58,10
657,72,13,1,23:20:58,23:21:07,9
658,72,15,1,23:21:07,23:21:23,16
659,72,17,1,23:21:23,23:21:34,10
660,72,19,1,23:21:34,23:21:48,13
661,72,23,0,23:21:54,23:22:02,8
662,72,21,1,23:21:48,23:21:54,6
663,72,25,1,23:22:02,23:22:32,29
664,73,29,1,23:53:03,23:53:10,6
665,73,27,1,-00:00:01,23:53:03,15
666,73,33,1,23:53:17,23:53:23,5
667,73,31,1,23:53:10,23:53:17,6
668,73,35,1,23:53:23,23:54:05,41
669,73,37,1,23:54:05,23:54:19,13
670,73,39,1,23:54:19,23:54:37,17
671,73,41,1,23:54:37,23:55:08,29
672,73,43,1,23:55:08,23:55:17,7
673,73,45,1,23:55:17,23:56:39,75
674,73,47,1,23:56:39,23:57:41,57
675,73,49,1,23:57:41,23:57:51,9
676,73,51,1,23:57:51,23:57:55,3
677,74,1,1,-00:00:01,00:54:59,7
678,74,3,1,00:54:59,00:55:05,4
679,74,7,1,00:55:18,00:55:23,4
680,74,5,1,00:55:05,00:55:18,13
681,74,9,1,00:55:23,00:55:52,28
682,74,11,1,00:55:52,00:56:03,10
683,74,13,1,00:56:03,00:56:18,14
684,74,15,1,00:56:18,00:57:06,47
685,74,17,1,00:57:06,00:57:12,5
686,74,19,1,00:57:12,00:58:46,91
687,74,21,1,00:58:46,00:58:52,5
688,74,23,0,00:58:52,00:59:08,15
689,74,25,1,00:59:08,00:59:36,27
690,77,31,1,10:05:26,10:05:38,11
691,77,35,1,10:05:45,10:06:29,40
692,77,37,1,10:06:29,10:06:53,20
693,77,33,1,10:05:38,10:05:45,6
694,77,29,1,10:05:17,10:05:26,8
695,77,27,1,-00:00:01,10:05:17,25
696,77,43,1,10:08:42,10:08:52,9
697,77,45,1,10:08:52,10:09:53,56
698,77,47,1,10:09:53,10:11:24,84
699,77,49,1,10:11:24,10:11:39,14
700,77,51,1,10:11:39,10:11:47,7
701,77,41,1,10:08:25,10:08:42,16
702,77,39,1,10:06:53,10:08:25,84
703,78,1,1,-00:00:01,10:40:42,7
704,78,3,1,10:40:42,10:40:50,8
705,78,5,1,10:40:50,10:40:58,7
706,78,7,1,10:40:58,10:41:07,8
707,78,9,1,10:41:07,10:41:46,38
708,78,11,1,10:41:46,10:42:00,14
709,78,13,1,10:42:00,10:42:19,18
710,78,15,1,10:42:19,10:42:57,36
711,78,17,1,10:42:57,10:43:05,7
712,78,19,1,10:43:05,10:43:57,51
713,78,21,1,10:43:57,10:44:10,12
714,78,23,0,10:44:10,10:44:17,6
715,78,25,1,10:44:17,10:44:30,13
716,79,31,1,10:46:42,10:46:48,6
717,79,37,1,10:47:48,10:48:07,18
718,79,29,1,10:46:35,10:46:42,6
719,79,33,1,10:46:48,10:46:53,4
720,79,35,1,10:46:53,10:47:48,51
721,79,27,1,-00:00:01,10:46:35,7
722,79,39,1,10:48:07,10:48:20,12
723,79,43,1,10:49:02,10:49:41,37
724,79,47,0,10:50:20,10:50:42,20
725,79,45,1,10:49:41,10:50:20,38
726,79,41,1,10:48:20,10:49:02,40
727,79,49,1,10:50:42,10:50:52,9
728,79,51,1,10:50:52,10:50:57,4
729,80,7,1,10:57:53,10:58:01,8
730,80,1,1,-00:00:01,10:57:38,16
731,80,9,1,10:58:01,11:00:32,149
732,80,5,1,10:57:47,10:57:53,6
733,80,3,1,10:57:38,10:57:47,8
734,80,11,1,11:00:32,11:00:51,18
735,80,13,1,11:00:51,11:01:26,35
736,80,19,1,11:01:54,11:02:10,15
737,80,21,1,11:02:10,11:02:25,15
738,80,23,0,11:02:25,11:02:34,8
739,80,15,1,11:01:26,11:01:42,15
740,80,17,1,11:01:42,11:01:54,12
741,80,25,1,11:02:34,11:03:58,83
742,81,37,0,11:14:00,11:14:59,57
743,81,27,1,-00:00:01,11:12:54,25
744,81,35,0,11:13:16,11:14:00,41
745,81,31,1,11:13:01,11:13:11,9
746,81,29,1,11:12:54,11:13:01,7
747,81,39,1,11:14:59,11:15:08,8
748,81,41,1,11:15:08,11:15:25,16
749,81,45,0,11:15:32,11:15:58,25
750,81,43,1,11:15:25,11:15:32,7
751,81,47,0,11:15:58,11:16:02,4
752,81,51,1,11:16:09,11:16:13,4
753,81,49,1,11:16:02,11:16:09,6
754,81,33,1,11:13:11,11:13:16,4
755,82,1,1,-00:00:01,11:17:07,9
756,82,3,1,11:17:07,11:17:18,11
757,82,7,1,11:17:24,11:17:29,5
758,82,9,1,11:17:29,11:17:52,22
759,82,11,0,11:17:52,11:18:53,58
760,82,5,1,11:17:18,11:17:24,5
761,82,13,1,11:18:53,11:19:34,40
762,82,15,1,11:19:34,11:19:50,15
763,82,17,1,11:19:50,11:19:55,5
764,82,19,1,11:19:55,11:20:05,10
765,82,21,1,11:20:05,11:20:17,11
766,82,23,0,11:20:17,11:20:23,5
767,82,25,1,11:20:23,11:21:07,43
